Nombre,CodigoBarra,Categoria,FechaCaducidad,Marca,Precio,Stock
Harina Trigo Premium 0,1000000000000,Bebidas,2029-12-30,NutriPlus,98.75,87
Aceite Vegetal Premium 1,1000000000001,Granos,2029-12-20,Bimbo,92.41,199
Yogurt Fresa Clasico 2,1000000000002,Bebidas,2028-01-30,FreshCo,52.99,174
Manzana Roja Light 3,1000000000003,Frutas,2029-01-22,FreshCo,15.64,123
Cafe Molido Light 4,1000000000004,Despensa,2028-05-08,Sabroso,50.62,72
Cereal Avena Light 5,1000000000005,Bebidas,2027-08-22,Bimbo,17.91,176
Queso Crema Premium 6,1000000000006,Panaderia,2029-02-16,Sabroso,71.1,110
Sal Marina Natural 7,1000000000007,Lacteos,2029-09-09,DelCampo,67.72,86
Sopa Instantanea Premium 8,1000000000008,Despensa,2027-10-14,Cremoso,45.23,70
Atun Enlatado Natural 9,1000000000009,Bebidas,2026-12-03,LaVaquita,16.92,75
Chocolate Negro Extra 10,1000000000010,Bebidas,2027-09-07,Sabroso,11.33,134
Cereal Avena Light 11,1000000000011,Bebidas,2028-09-30,LaMilpa,9.11,93
Frijol Negro Natural 12,1000000000012,Granos,2029-07-27,NutriPlus,78.16,168
Jugo Natural Clasico 13,1000000000013,Despensa,2028-08-23,LaVaquita,16.59,129
Frijol Negro Natural 14,1000000000014,Despensa,2028-07-17,Bimbo,42.27,170
Galletas Chocolate Extra 15,1000000000015,Despensa,2027-09-28,Bimbo,96.58,120
Cafe Molido Clasico 16,1000000000016,Despensa,2027-07-20,CampoReal,22.74,52
Arroz Blanco Natural 17,1000000000017,Lacteos,2029-02-03,FreshCo,51.94,51
Harina Trigo Clasico 18,1000000000018,Panaderia,2029-05-23,NutriPlus,28.99,28
Mermelada Fresa Extra 19,1000000000019,Panaderia,2028-05-17,LaMilpa,10.59,49
Mermelada Fresa Light 20,1000000000020,Despensa,2029-02-27,LaVaquita,87.55,162
Yogurt Fresa Clasico 21,1000000000021,Despensa,2029-01-17,DelValle,76.04,141
Cafe Molido Clasico 22,1000000000022,Panaderia,2027-03-14,NutriPlus,28.81,62
Leche Entera Extra 23,1000000000023,Panaderia,2029-07-30,CampoReal,89.69,75
Sal Marina Light 24,1000000000024,Bebidas,2026-07-14,NutriPlus,18.07,102
Harina Trigo Premium 25,1000000000025,Bebidas,2026-03-22,DelCampo,15.22,69
Sopa Instantanea Premium 26,1000000000026,Bebidas,2027-02-07,FreshCo,93.78,165
Sopa Instantanea Clasico 27,1000000000027,Bebidas,2026-11-30,DelValle,86.75,182
Chocolate Negro Light 28,1000000000028,Bebidas,2029-07-18,LaMilpa,7.2,28
Pasta Espagueti Clasico 29,1000000000029,Frutas,2028-08-22,FreshCo,65.3,173
Leche Entera Natural 30,1000000000030,Lacteos,2027-12-06,NutriPlus,74.68,58
Pan Integral Light 31,1000000000031,Lacteos,2029-02-02,DelValle,78.87,42
Atun Enlatado Clasico 32,1000000000032,Panaderia,2029-05-01,DelCampo,12.46,176
Cafe Molido Extra 33,1000000000033,Bebidas,2029-11-27,LaMilpa,21.12,20
Queso Crema Premium 34,1000000000034,Panaderia,2027-01-27,Bimbo,11.2,146
Harina Trigo Natural 35,1000000000035,Despensa,2027-07-18,Bimbo,83.66,5
Leche Entera Clasico 36,1000000000036,Panaderia,2029-03-24,NutriPlus,83.29,200
Sal Marina Premium 37,1000000000037,Frutas,2027-04-02,Sabroso,11.83,100
Cereal Avena Clasico 38,1000000000038,Panaderia,2029-04-20,LaVaquita,34.27,9
Atun Enlatado Natural 39,1000000000039,Granos,2029-05-21,DelValle,62.71,139
Pasta Espagueti Natural 40,1000000000040,Granos,2027-04-03,Cremoso,55.36,69
Galletas Chocolate Natural 41,1000000000041,Frutas,2027-07-16,DelValle,60.81,6
Azucar Morena Clasico 42,1000000000042,Lacteos,2029-12-28,DelCampo,1.0,196
Atun Enlatado Light 43,1000000000043,Granos,2026-04-17,NutriPlus,63.81,42
Galletas Chocolate Natural 44,1000000000044,Despensa,2028-08-12,LaMilpa,21.03,185
Manzana Roja Natural 45,1000000000045,Granos,2028-09-02,CampoReal,52.94,31
Atun Enlatado Light 46,1000000000046,Despensa,2027-05-13,LaMilpa,16.79,191
Pan Integral Natural 47,1000000000047,Frutas,2026-07-21,CampoReal,1.86,187
Pasta Espagueti Extra 48,1000000000048,Panaderia,2029-06-08,DelValle,73.29,131
Pan Integral Clasico 49,1000000000049,Lacteos,2028-08-09,FreshCo,10.63,29
Aceite Vegetal Light 50,1000000000050,Granos,2028-01-15,Sabroso,16.85,24
Harina Trigo Light 51,1000000000051,Despensa,2028-04-04,CampoReal,70.61,42
Azucar Morena Extra 52,1000000000052,Frutas,2029-06-26,Cremoso,45.47,147
Yogurt Fresa Clasico 53,1000000000053,Frutas,2026-05-13,DelValle,65.49,67
Sopa Instantanea Clasico 54,1000000000054,Panaderia,2026-05-25,FreshCo,5.86,185
Queso Crema Extra 55,1000000000055,Granos,2026-06-02,LaVaquita,38.27,173
Cereal Avena Light 56,1000000000056,Bebidas,2026-12-16,LaVaquita,12.4,164
Cereal Avena Extra 57,1000000000057,Bebidas,2028-05-06,DelCampo,41.84,11
Frijol Negro Premium 58,1000000000058,Frutas,2028-04-03,LaMilpa,43.74,131
Jugo Natural Extra 59,1000000000059,Bebidas,2027-02-18,DelCampo,57.69,175
Azucar Morena Clasico 60,1000000000060,Lacteos,2026-08-06,LaVaquita,59.27,4
Pan Integral Natural 61,1000000000061,Bebidas,2027-01-02,Bimbo,71.04,155
Pan Integral Extra 62,1000000000062,Despensa,2027-09-23,Bimbo,99.99,167
Harina Trigo Natural 63,1000000000063,Panaderia,2028-07-16,Cremoso,80.83,5
Arroz Blanco Light 64,1000000000064,Bebidas,2026-11-27,LaVaquita,77.4,93
Leche Entera Natural 65,1000000000065,Frutas,2027-01-26,NutriPlus,16.72,84
Mermelada Fresa Clasico 66,1000000000066,Granos,2026-07-09,Cremoso,14.41,186
Pan Integral Clasico 67,1000000000067,Despensa,2026-04-15,LaVaquita,15.9,70
Frijol Negro Light 68,1000000000068,Bebidas,2029-03-10,Cremoso,36.14,79
Leche Entera Clasico 69,1000000000069,Frutas,2028-07-16,Bimbo,32.66,26
Manzana Roja Clasico 70,1000000000070,Panaderia,2028-06-08,FreshCo,51.17,161
Queso Crema Clasico 71,1000000000071,Bebidas,2027-06-26,Sabroso,70.46,93
Queso Crema Clasico 72,1000000000072,Granos,2028-04-28,FreshCo,8.66,152
Queso Crema Clasico 73,1000000000073,Frutas,2026-04-13,FreshCo,74.53,95
Galletas Chocolate Premium 74,1000000000074,Lacteos,2026-06-04,NutriPlus,25.49,145
Sopa Instantanea Premium 75,1000000000075,Lacteos,2029-04-24,NutriPlus,11.95,187
Harina Trigo Natural 76,1000000000076,Lacteos,2026-08-05,Bimbo,11.02,197
Mermelada Fresa Clasico 77,1000000000077,Frutas,2027-10-01,LaVaquita,60.59,179
Cereal Avena Light 78,1000000000078,Despensa,2028-05-16,DelCampo,52.64,196
Arroz Blanco Light 79,1000000000079,Despensa,2029-02-13,DelValle,29.01,123
Manzana Roja Light 80,1000000000080,Panaderia,2028-07-21,Bimbo,46.42,30
Mermelada Fresa Clasico 81,1000000000081,Panaderia,2029-09-22,Sabroso,70.1,166
Cereal Avena Light 82,1000000000082,Lacteos,2028-09-11,DelValle,86.66,124
Galletas Chocolate Light 83,1000000000083,Despensa,2028-05-14,Bimbo,24.19,128
Arroz Blanco Clasico 84,1000000000084,Despensa,2028-07-07,Sabroso,14.77,128
Yogurt Fresa Extra 85,1000000000085,Granos,2029-05-09,LaMilpa,51.93,117
Arroz Blanco Natural 86,1000000000086,Frutas,2027-08-06,Sabroso,59.56,135
Leche Entera Natural 87,1000000000087,Panaderia,2028-05-30,CampoReal,96.25,145
Manzana Roja Clasico 88,1000000000088,Despensa,2026-08-16,DelCampo,16.42,35
Mermelada Fresa Clasico 89,1000000000089,Granos,2027-10-18,DelValle,26.08,84
Yogurt Fresa Light 90,1000000000090,Bebidas,2028-06-07,LaMilpa,12.69,22
Jugo Natural Clasico 91,1000000000091,Granos,2029-03-22,Bimbo,94.9,36
Atun Enlatado Light 92,1000000000092,Granos,2029-07-13,DelValle,42.12,94
Arroz Blanco Natural 93,1000000000093,Despensa,2026-08-05,LaVaquita,30.43,43
Mermelada Fresa Natural 94,1000000000094,Granos,2026-09-21,Cremoso,43.61,50
Manzana Roja Natural 95,1000000000095,Granos,2026-07-10,DelCampo,12.08,55
Arroz Blanco Clasico 96,1000000000096,Lacteos,2029-02-17,LaMilpa,75.3,104
Mermelada Fresa Extra 97,1000000000097,Panaderia,2029-12-05,Bimbo,14.43,195
Sopa Instantanea Clasico 98,1000000000098,Lacteos,2026-07-08,FreshCo,26.47,89
Jugo Natural Premium 99,1000000000099,Lacteos,2029-04-03,FreshCo,82.9,87
Sopa Instantanea Natural 100,1000000000100,Despensa,2028-01-22,Bimbo,43.36,74
Cereal Avena Natural 101,1000000000101,Lacteos,2027-03-22,FreshCo,29.85,197
Queso Crema Natural 102,1000000000102,Despensa,2026-09-26,CampoReal,77.19,106
Aceite Vegetal Premium 103,1000000000103,Lacteos,2027-02-27,DelValle,92.57,145
Cereal Avena Natural 104,1000000000104,Granos,2026-04-07,Bimbo,66.29,136
Chocolate Negro Extra 105,1000000000105,Despensa,2026-05-31,LaVaquita,59.83,39
Sopa Instantanea Light 106,1000000000106,Frutas,2027-11-13,DelCampo,22.58,93
Pasta Espagueti Premium 107,1000000000107,Frutas,2029-12-24,NutriPlus,26.9,150
Atun Enlatado Natural 108,1000000000108,Panaderia,2026-09-29,LaVaquita,29.29,134
Mermelada Fresa Extra 109,1000000000109,Frutas,2028-03-29,FreshCo,21.9,74
Sal Marina Extra 110,1000000000110,Lacteos,2026-03-02,LaVaquita,97.38,106
Leche Entera Natural 111,1000000000111,Lacteos,2028-12-03,FreshCo,57.56,136
Jugo Natural Natural 112,1000000000112,Bebidas,2028-02-25,NutriPlus,15.24,107
Azucar Morena Clasico 113,1000000000113,Frutas,2029-03-07,DelValle,18.6,33
Leche Entera Natural 114,1000000000114,Granos,2029-06-02,LaMilpa,66.04,111
Manzana Roja Light 115,1000000000115,Despensa,2027-04-26,FreshCo,18.07,107
Pan Integral Premium 116,1000000000116,Granos,2027-02-20,Sabroso,99.29,50
Aceite Vegetal Light 117,1000000000117,Despensa,2029-02-22,Bimbo,29.08,173
Yogurt Fresa Clasico 118,1000000000118,Lacteos,2027-02-07,DelValle,90.42,191
Sal Marina Light 119,1000000000119,Granos,2029-03-02,CampoReal,31.6,87
Frijol Negro Extra 120,1000000000120,Granos,2026-12-18,LaMilpa,7.79,127
Chocolate Negro Clasico 121,1000000000121,Lacteos,2029-01-10,CampoReal,69.13,12
Atun Enlatado Natural 122,1000000000122,Bebidas,2027-05-13,CampoReal,26.82,133
Sal Marina Premium 123,1000000000123,Despensa,2026-12-09,DelCampo,53.24,34
Pasta Espagueti Premium 124,1000000000124,Lacteos,2028-06-28,LaMilpa,20.58,169
Harina Trigo Extra 125,1000000000125,Frutas,2027-05-18,CampoReal,1.02,126
Atun Enlatado Extra 126,1000000000126,Panaderia,2027-07-03,FreshCo,98.36,88
Sal Marina Clasico 127,1000000000127,Frutas,2029-01-22,Cremoso,68.56,106
Mermelada Fresa Extra 128,1000000000128,Panaderia,2029-05-06,FreshCo,7.9,182
Aceite Vegetal Premium 129,1000000000129,Bebidas,2027-10-11,CampoReal,29.73,127
Atun Enlatado Premium 130,1000000000130,Frutas,2029-06-12,LaVaquita,58.25,47
Manzana Roja Premium 131,1000000000131,Bebidas,2028-07-08,Bimbo,99.69,47
Cereal Avena Light 132,1000000000132,Bebidas,2028-10-24,NutriPlus,18.58,27
Galletas Chocolate Extra 133,1000000000133,Frutas,2027-12-20,DelCampo,51.58,112
Pasta Espagueti Clasico 134,1000000000134,Granos,2026-11-08,LaMilpa,49.6,131
Jugo Natural Clasico 135,1000000000135,Granos,2026-02-09,Cremoso,12.61,102
Chocolate Negro Extra 136,1000000000136,Panaderia,2026-03-09,Sabroso,70.02,167
Azucar Morena Extra 137,1000000000137,Bebidas,2027-04-03,LaVaquita,80.68,101
Azucar Morena Natural 138,1000000000138,Bebidas,2027-01-03,DelValle,77.96,89
Arroz Blanco Extra 139,1000000000139,Panaderia,2027-08-08,LaMilpa,19.31,5
Sopa Instantanea Natural 140,1000000000140,Lacteos,2026-04-24,CampoReal,61.89,46
Chocolate Negro Extra 141,1000000000141,Despensa,2026-04-23,LaVaquita,76.16,111
Aceite Vegetal Clasico 142,1000000000142,Frutas,2026-12-25,FreshCo,48.27,154
Cafe Molido Extra 143,1000000000143,Bebidas,2026-08-27,DelValle,8.31,54
Leche Entera Extra 144,1000000000144,Frutas,2026-09-14,LaVaquita,19.05,84
Leche Entera Clasico 145,1000000000145,Bebidas,2029-11-26,LaMilpa,90.39,15
Harina Trigo Light 146,1000000000146,Granos,2029-05-02,LaMilpa,38.24,120
Aceite Vegetal Extra 147,1000000000147,Frutas,2029-04-11,LaMilpa,57.35,145
Manzana Roja Light 148,1000000000148,Panaderia,2028-02-28,DelCampo,51.37,118
Sopa Instantanea Light 149,1000000000149,Frutas,2026-08-11,DelValle,14.22,176
Cafe Molido Light 150,1000000000150,Bebidas,2029-04-02,CampoReal,37.33,147
Pan Integral Premium 151,1000000000151,Lacteos,2026-02-15,NutriPlus,18.72,35
Pasta Espagueti Clasico 152,1000000000152,Frutas,2027-11-23,FreshCo,88.21,10
Harina Trigo Natural 153,1000000000153,Bebidas,2028-05-19,DelCampo,52.13,79
Chocolate Negro Extra 154,1000000000154,Lacteos,2027-07-24,DelValle,20.19,87
Frijol Negro Extra 155,1000000000155,Granos,2027-03-08,LaMilpa,20.14,189
Cereal Avena Extra 156,1000000000156,Panaderia,2029-12-20,CampoReal,62.13,62
Arroz Blanco Clasico 157,1000000000157,Panaderia,2026-02-21,Sabroso,38.81,131
Jugo Natural Premium 158,1000000000158,Lacteos,2026-03-26,FreshCo,95.18,26
Pan Integral Extra 159,1000000000159,Granos,2027-04-02,CampoReal,72.36,125
Sal Marina Clasico 160,1000000000160,Granos,2027-09-07,FreshCo,66.98,147
Atun Enlatado Premium 161,1000000000161,Frutas,2026-09-12,Cremoso,20.17,187
Manzana Roja Extra 162,1000000000162,Granos,2027-10-11,CampoReal,82.99,42
Galletas Chocolate Natural 163,1000000000163,Panaderia,2028-11-28,Cremoso,52.58,25
Pan Integral Light 164,1000000000164,Granos,2029-01-23,DelCampo,83.78,7
Pasta Espagueti Natural 165,1000000000165,Bebidas,2028-01-25,Bimbo,44.39,139
Jugo Natural Extra 166,1000000000166,Panaderia,2026-09-02,Bimbo,43.12,58
Sal Marina Clasico 167,1000000000167,Lacteos,2027-07-26,NutriPlus,31.18,1
Galletas Chocolate Natural 168,1000000000168,Panaderia,2029-12-27,NutriPlus,1.13,197
Leche Entera Clasico 169,1000000000169,Panaderia,2027-03-23,LaVaquita,45.11,148
Galletas Chocolate Clasico 170,1000000000170,Bebidas,2029-11-25,Bimbo,99.22,133
Leche Entera Extra 171,1000000000171,Granos,2028-10-15,DelValle,89.36,103
Yogurt Fresa Premium 172,1000000000172,Panaderia,2028-01-20,LaMilpa,29.11,67
Yogurt Fresa Clasico 173,1000000000173,Panaderia,2028-09-18,FreshCo,49.82,152
Sal Marina Natural 174,1000000000174,Granos,2027-11-15,LaMilpa,20.4,105
Sopa Instantanea Light 175,1000000000175,Lacteos,2028-03-27,CampoReal,57.79,113
Arroz Blanco Light 176,1000000000176,Lacteos,2026-06-09,LaMilpa,42.14,160
Manzana Roja Clasico 177,1000000000177,Granos,2028-01-28,FreshCo,14.46,47
Jugo Natural Clasico 178,1000000000178,Despensa,2028-04-15,LaVaquita,9.99,79
Cereal Avena Clasico 179,1000000000179,Despensa,2026-01-20,FreshCo,17.07,20
Manzana Roja Natural 180,1000000000180,Lacteos,2026-06-03,DelValle,68.47,47
Manzana Roja Light 181,1000000000181,Granos,2028-04-01,Cremoso,45.18,48
Harina Trigo Clasico 182,1000000000182,Lacteos,2028-09-26,Bimbo,28.42,102
Leche Entera Light 183,1000000000183,Granos,2028-05-23,LaVaquita,14.15,44
Jugo Natural Clasico 184,1000000000184,Frutas,2027-02-03,Bimbo,30.65,11
Arroz Blanco Natural 185,1000000000185,Panaderia,2027-11-02,LaVaquita,22.92,168
Yogurt Fresa Premium 186,1000000000186,Panaderia,2027-04-27,Bimbo,21.88,153
Pan Integral Premium 187,1000000000187,Lacteos,2028-07-09,CampoReal,13.01,43
Chocolate Negro Extra 188,1000000000188,Granos,2029-01-21,Bimbo,43.49,101
Sopa Instantanea Light 189,1000000000189,Granos,2027-01-21,LaMilpa,26.59,179
Atun Enlatado Clasico 190,1000000000190,Panaderia,2028-05-22,LaMilpa,28.12,62
Leche Entera Extra 191,1000000000191,Bebidas,2027-06-03,Sabroso,68.93,182
Azucar Morena Light 192,1000000000192,Bebidas,2028-07-24,Sabroso,77.3,29
Frijol Negro Natural 193,1000000000193,Lacteos,2027-04-08,CampoReal,44.06,172
Yogurt Fresa Clasico 194,1000000000194,Bebidas,2027-05-11,LaMilpa,33.55,83
Queso Crema Natural 195,1000000000195,Lacteos,2026-12-24,LaMilpa,16.46,130
Galletas Chocolate Premium 196,1000000000196,Frutas,2028-10-06,Bimbo,63.15,14
Azucar Morena Premium 197,1000000000197,Bebidas,2029-06-12,FreshCo,53.28,95
Atun Enlatado Clasico 198,1000000000198,Panaderia,2028-02-21,CampoReal,2.97,108
Cafe Molido Light 199,1000000000199,Panaderia,2028-12-04,Bimbo,93.45,139
Leche Entera Natural 200,1000000000200,Lacteos,2026-05-02,LaVaquita,75.94,106
Cereal Avena Premium 201,1000000000201,Granos,2029-05-30,CampoReal,63.49,58
Harina Trigo Light 202,1000000000202,Despensa,2027-04-14,DelValle,34.07,149
Mermelada Fresa Natural 203,1000000000203,Lacteos,2026-01-16,LaMilpa,72.09,91
Cafe Molido Extra 204,1000000000204,Despensa,2026-04-14,Cremoso,83.28,27
Atun Enlatado Premium 205,1000000000205,Lacteos,2027-05-07,CampoReal,95.09,52
Aceite Vegetal Premium 206,1000000000206,Panaderia,2026-03-10,FreshCo,94.79,88
Pasta Espagueti Premium 207,1000000000207,Bebidas,2029-09-28,FreshCo,73.8,174
Sal Marina Extra 208,1000000000208,Bebidas,2026-12-02,NutriPlus,81.86,36
Atun Enlatado Premium 209,1000000000209,Despensa,2029-12-14,NutriPlus,41.17,197
Sopa Instantanea Natural 210,1000000000210,Lacteos,2029-02-13,FreshCo,50.43,160
Yogurt Fresa Premium 211,1000000000211,Granos,2027-12-29,LaVaquita,1.07,138
Chocolate Negro Natural 212,1000000000212,Granos,2026-10-09,FreshCo,44.03,38
Yogurt Fresa Extra 213,1000000000213,Panaderia,2028-03-26,DelCampo,31.54,8
Arroz Blanco Premium 214,1000000000214,Lacteos,2027-03-17,NutriPlus,89.07,42
Sopa Instantanea Extra 215,1000000000215,Panaderia,2028-01-04,DelCampo,71.21,103
Yogurt Fresa Clasico 216,1000000000216,Frutas,2028-11-04,DelValle,86.04,182
Galletas Chocolate Clasico 217,1000000000217,Frutas,2027-04-13,LaMilpa,4.55,73
Chocolate Negro Premium 218,1000000000218,Lacteos,2027-06-22,Cremoso,29.93,192
Pasta Espagueti Extra 219,1000000000219,Bebidas,2026-01-29,CampoReal,53.21,22
Pasta Espagueti Extra 220,1000000000220,Bebidas,2028-03-14,NutriPlus,85.62,120
Yogurt Fresa Light 221,1000000000221,Granos,2028-01-12,CampoReal,90.46,87
Queso Crema Extra 222,1000000000222,Lacteos,2029-10-02,FreshCo,54.77,9
Cereal Avena Clasico 223,1000000000223,Granos,2027-09-21,LaVaquita,51.59,143
Arroz Blanco Extra 224,1000000000224,Lacteos,2029-07-04,DelCampo,95.43,39
Yogurt Fresa Clasico 225,1000000000225,Frutas,2027-11-20,Sabroso,28.24,74
Aceite Vegetal Premium 226,1000000000226,Despensa,2029-11-30,LaMilpa,84.87,140
Mermelada Fresa Natural 227,1000000000227,Lacteos,2026-11-10,LaVaquita,45.31,30
Jugo Natural Natural 228,1000000000228,Panaderia,2026-08-27,LaMilpa,66.82,170
Azucar Morena Extra 229,1000000000229,Lacteos,2026-06-10,LaVaquita,66.9,59
Jugo Natural Extra 230,1000000000230,Frutas,2026-05-02,DelCampo,11.43,131
Frijol Negro Extra 231,1000000000231,Granos,2027-08-17,CampoReal,95.6,150
Cereal Avena Premium 232,1000000000232,Frutas,2028-12-22,Cremoso,29.65,46
Atun Enlatado Clasico 233,1000000000233,Bebidas,2028-06-15,CampoReal,40.85,117
Jugo Natural Extra 234,1000000000234,Lacteos,2028-08-05,Bimbo,70.11,102
Queso Crema Extra 235,1000000000235,Bebidas,2027-02-01,DelValle,40.31,185
Cereal Avena Premium 236,1000000000236,Panaderia,2027-07-21,FreshCo,6.84,67
Manzana Roja Light 237,1000000000237,Frutas,2029-01-23,FreshCo,99.59,68
Chocolate Negro Extra 238,1000000000238,Panaderia,2029-08-21,FreshCo,76.48,150
Arroz Blanco Premium 239,1000000000239,Panaderia,2026-10-01,Cremoso,27.34,40
Mermelada Fresa Light 240,1000000000240,Bebidas,2027-10-17,CampoReal,31.59,2
Manzana Roja Premium 241,1000000000241,Lacteos,2026-03-28,CampoReal,74.9,185
Chocolate Negro Extra 242,1000000000242,Despensa,2026-07-23,DelValle,42.36,195
Sal Marina Clasico 243,1000000000243,Lacteos,2026-03-21,Bimbo,54.62,10
Queso Crema Light 244,1000000000244,Frutas,2026-08-05,LaVaquita,24.68,97
Leche Entera Natural 245,1000000000245,Frutas,2026-03-05,Bimbo,48.95,29
Sal Marina Premium 246,1000000000246,Panaderia,2026-02-13,Bimbo,93.14,125
Pasta Espagueti Natural 247,1000000000247,Panaderia,2028-01-05,Bimbo,67.43,175
Sal Marina Clasico 248,1000000000248,Frutas,2026-08-06,LaMilpa,93.56,191
Galletas Chocolate Extra 249,1000000000249,Frutas,2027-08-24,DelValle,85.9,96
Aceite Vegetal Natural 250,1000000000250,Frutas,2026-03-07,CampoReal,77.25,177
Yogurt Fresa Premium 251,1000000000251,Bebidas,2028-06-25,FreshCo,10.13,197
Atun Enlatado Extra 252,1000000000252,Despensa,2026-02-16,Cremoso,17.54,189
Frijol Negro Clasico 253,1000000000253,Granos,2026-06-07,DelValle,29.72,23
Queso Crema Natural 254,1000000000254,Panaderia,2029-08-25,Sabroso,20.35,132
Pan Integral Clasico 255,1000000000255,Panaderia,2026-07-27,LaMilpa,57.64,63
Jugo Natural Premium 256,1000000000256,Despensa,2026-04-22,DelValle,51.42,90
Frijol Negro Premium 257,1000000000257,Granos,2027-04-17,Bimbo,57.52,135
Cafe Molido Premium 258,1000000000258,Bebidas,2027-05-24,DelCampo,43.77,135
Galletas Chocolate Extra 259,1000000000259,Frutas,2027-02-28,LaMilpa,94.52,155
Leche Entera Premium 260,1000000000260,Despensa,2028-08-02,Sabroso,22.1,157
Azucar Morena Natural 261,1000000000261,Panaderia,2029-03-08,DelCampo,98.2,120
Mermelada Fresa Premium 262,1000000000262,Despensa,2029-06-25,DelCampo,47.93,114
Azucar Morena Extra 263,1000000000263,Despensa,2027-05-22,DelValle,75.42,198
Queso Crema Light 264,1000000000264,Frutas,2027-06-18,CampoReal,6.83,127
Sal Marina Light 265,1000000000265,Despensa,2027-07-21,DelCampo,9.16,24
Queso Crema Light 266,1000000000266,Granos,2026-12-21,DelValle,41.37,13
Arroz Blanco Extra 267,1000000000267,Frutas,2027-12-31,DelCampo,92.13,131
Sal Marina Natural 268,1000000000268,Frutas,2028-05-28,Sabroso,26.34,187
Pan Integral Clasico 269,1000000000269,Lacteos,2027-09-07,NutriPlus,44.51,101
Cereal Avena Clasico 270,1000000000270,Despensa,2029-01-22,DelValle,21.55,69
Mermelada Fresa Light 271,1000000000271,Granos,2028-02-01,LaMilpa,73.45,185
Jugo Natural Light 272,1000000000272,Panaderia,2028-07-01,FreshCo,53.8,122
Cafe Molido Premium 273,1000000000273,Frutas,2029-02-25,DelCampo,12.72,62
Arroz Blanco Extra 274,1000000000274,Frutas,2026-12-17,Bimbo,46.15,82
Aceite Vegetal Premium 275,1000000000275,Panaderia,2028-05-26,NutriPlus,79.34,71
Sal Marina Light 276,1000000000276,Panaderia,2028-07-07,CampoReal,26.52,83
Yogurt Fresa Natural 277,1000000000277,Frutas,2026-04-18,LaMilpa,74.61,71
Sopa Instantanea Light 278,1000000000278,Panaderia,2028-03-31,LaVaquita,99.74,80
Mermelada Fresa Extra 279,1000000000279,Bebidas,2027-12-22,CampoReal,35.75,149
Jugo Natural Premium 280,1000000000280,Bebidas,2029-10-18,LaVaquita,4.22,18
Frijol Negro Natural 281,1000000000281,Panaderia,2028-03-19,NutriPlus,54.33,117
Leche Entera Extra 282,1000000000282,Despensa,2028-12-20,Cremoso,42.05,1
Manzana Roja Extra 283,1000000000283,Lacteos,2029-02-18,DelCampo,79.77,6
Pan Integral Extra 284,1000000000284,Granos,2027-12-23,FreshCo,55.25,105
Azucar Morena Light 285,1000000000285,Despensa,2028-10-24,Bimbo,89.61,180
Pan Integral Extra 286,1000000000286,Despensa,2029-05-07,Cremoso,55.97,183
Harina Trigo Extra 287,1000000000287,Frutas,2029-08-25,Bimbo,55.99,59
Harina Trigo Premium 288,1000000000288,Lacteos,2026-01-16,Cremoso,24.75,200
Frijol Negro Light 289,1000000000289,Despensa,2026-01-17,Cremoso,28.29,181
Sal Marina Light 290,1000000000290,Granos,2029-07-12,Cremoso,44.33,159
Atun Enlatado Premium 291,1000000000291,Lacteos,2027-07-02,NutriPlus,13.9,52
Azucar Morena Extra 292,1000000000292,Granos,2028-08-28,Cremoso,21.9,87
Mermelada Fresa Natural 293,1000000000293,Despensa,2028-12-07,Cremoso,40.31,118
Yogurt Fresa Clasico 294,1000000000294,Granos,2028-06-24,LaMilpa,17.11,76
Frijol Negro Extra 295,1000000000295,Lacteos,2026-04-23,LaMilpa,38.95,151
Atun Enlatado Natural 296,1000000000296,Bebidas,2029-10-18,FreshCo,43.33,158
Aceite Vegetal Extra 297,1000000000297,Granos,2027-05-20,Bimbo,87.63,103
Atun Enlatado Clasico 298,1000000000298,Bebidas,2026-07-18,LaVaquita,11.25,115
Queso Crema Clasico 299,1000000000299,Bebidas,2029-06-16,FreshCo,32.19,3
Manzana Roja Clasico 300,1000000000300,Bebidas,2028-05-19,Sabroso,48.81,24
Galletas Chocolate Premium 301,1000000000301,Granos,2028-03-11,NutriPlus,35.26,57
Cereal Avena Premium 302,1000000000302,Bebidas,2029-12-29,FreshCo,92.77,123
Arroz Blanco Natural 303,1000000000303,Despensa,2027-05-27,NutriPlus,34.49,113
Cafe Molido Natural 304,1000000000304,Panaderia,2028-02-20,CampoReal,12.69,189
Arroz Blanco Premium 305,1000000000305,Lacteos,2028-09-25,DelCampo,10.51,138
Azucar Morena Light 306,1000000000306,Granos,2026-08-21,Bimbo,86.48,123
Harina Trigo Light 307,1000000000307,Lacteos,2026-09-16,Bimbo,67.5,187
Leche Entera Light 308,1000000000308,Bebidas,2026-04-26,CampoReal,51.09,156
Cereal Avena Natural 309,1000000000309,Lacteos,2029-09-30,LaMilpa,21.35,105
Azucar Morena Clasico 310,1000000000310,Despensa,2029-04-18,NutriPlus,92.52,111
Sal Marina Clasico 311,1000000000311,Bebidas,2029-03-28,FreshCo,81.86,168
Atun Enlatado Clasico 312,1000000000312,Granos,2029-01-30,NutriPlus,90.74,52
Jugo Natural Premium 313,1000000000313,Panaderia,2029-09-26,NutriPlus,1.49,40
Azucar Morena Extra 314,1000000000314,Lacteos,2027-11-29,Sabroso,25.9,172
Yogurt Fresa Extra 315,1000000000315,Frutas,2027-07-17,DelValle,6.23,71
Jugo Natural Extra 316,1000000000316,Despensa,2029-01-27,NutriPlus,75.24,39
Galletas Chocolate Natural 317,1000000000317,Lacteos,2028-07-10,DelValle,7.17,2
Azucar Morena Extra 318,1000000000318,Bebidas,2028-05-10,DelValle,14.72,69
Jugo Natural Clasico 319,1000000000319,Lacteos,2026-08-11,LaMilpa,79.14,67
Cafe Molido Light 320,1000000000320,Frutas,2029-03-09,FreshCo,38.05,55
Atun Enlatado Clasico 321,1000000000321,Lacteos,2029-05-12,CampoReal,61.67,82
Jugo Natural Premium 322,1000000000322,Granos,2026-12-18,CampoReal,62.55,48
Pasta Espagueti Premium 323,1000000000323,Despensa,2027-04-21,DelValle,45.91,154
Atun Enlatado Light 324,1000000000324,Granos,2029-09-29,NutriPlus,47.71,119
Sopa Instantanea Natural 325,1000000000325,Lacteos,2028-07-29,Sabroso,13.71,75
Cafe Molido Premium 326,1000000000326,Panaderia,2026-08-26,FreshCo,79.19,155
Aceite Vegetal Extra 327,1000000000327,Panaderia,2028-08-17,CampoReal,75.88,110
Chocolate Negro Premium 328,1000000000328,Despensa,2028-06-08,CampoReal,72.72,99
Leche Entera Natural 329,1000000000329,Granos,2027-05-09,Bimbo,87.75,171
Pan Integral Extra 330,1000000000330,Granos,2029-09-28,FreshCo,40.38,3
Arroz Blanco Clasico 331,1000000000331,Lacteos,2029-03-13,LaMilpa,39.66,102
Mermelada Fresa Extra 332,1000000000332,Bebidas,2027-01-20,CampoReal,35.66,168
Leche Entera Premium 333,1000000000333,Bebidas,2028-09-13,CampoReal,93.51,12
Arroz Blanco Light 334,1000000000334,Granos,2026-12-12,Cremoso,85.84,151
Frijol Negro Premium 335,1000000000335,Despensa,2026-09-30,DelCampo,18.88,173
Atun Enlatado Natural 336,1000000000336,Lacteos,2026-05-23,Bimbo,56.5,174
Sal Marina Clasico 337,1000000000337,Despensa,2026-03-10,CampoReal,32.3,130
Frijol Negro Natural 338,1000000000338,Panaderia,2029-05-16,DelCampo,11.48,7
Chocolate Negro Clasico 339,1000000000339,Despensa,2028-10-25,LaVaquita,73.18,100
Pan Integral Clasico 340,1000000000340,Panaderia,2027-06-14,LaVaquita,41.52,140
Pasta Espagueti Natural 341,1000000000341,Granos,2029-10-19,FreshCo,77.1,38
Galletas Chocolate Premium 342,1000000000342,Panaderia,2027-02-06,LaMilpa,72.9,30
Queso Crema Light 343,1000000000343,Granos,2027-10-15,Bimbo,21.3,178
Cafe Molido Light 344,1000000000344,Despensa,2027-01-08,LaVaquita,94.99,93
Chocolate Negro Extra 345,1000000000345,Panaderia,2026-11-18,Cremoso,36.58,93
Atun Enlatado Premium 346,1000000000346,Bebidas,2026-08-01,Cremoso,59.46,143
Manzana Roja Light 347,1000000000347,Despensa,2028-01-02,Sabroso,12.88,195
Yogurt Fresa Extra 348,1000000000348,Lacteos,2027-11-01,Cremoso,91.55,26
Manzana Roja Light 349,1000000000349,Bebidas,2029-09-04,Sabroso,4.98,2
Chocolate Negro Premium 350,1000000000350,Frutas,2028-11-24,DelValle,48.03,120
Harina Trigo Natural 351,1000000000351,Lacteos,2026-05-16,Cremoso,12.92,191
Manzana Roja Light 352,1000000000352,Bebidas,2029-02-24,NutriPlus,6.22,94
Jugo Natural Light 353,1000000000353,Lacteos,2027-12-10,DelValle,58.31,6
Cafe Molido Light 354,1000000000354,Despensa,2028-02-10,DelCampo,15.23,150
Sopa Instantanea Natural 355,1000000000355,Lacteos,2029-05-21,CampoReal,73.11,46
Pan Integral Clasico 356,1000000000356,Panaderia,2026-08-30,LaMilpa,44.43,122
Frijol Negro Extra 357,1000000000357,Bebidas,2029-12-22,Bimbo,40.3,50
Azucar Morena Clasico 358,1000000000358,Lacteos,2028-07-17,DelCampo,24.01,134
Aceite Vegetal Light 359,1000000000359,Despensa,2027-11-16,NutriPlus,75.48,5
Cereal Avena Natural 360,1000000000360,Bebidas,2029-01-01,Cremoso,63.07,184
Azucar Morena Premium 361,1000000000361,Frutas,2029-11-06,CampoReal,39.26,98
Azucar Morena Extra 362,1000000000362,Despensa,2026-03-23,DelValle,33.13,92
Aceite Vegetal Natural 363,1000000000363,Lacteos,2029-08-03,Cremoso,14.26,54
Manzana Roja Light 364,1000000000364,Despensa,2027-01-19,NutriPlus,81.16,134
Atun Enlatado Light 365,1000000000365,Panaderia,2026-08-27,DelValle,86.99,161
Galletas Chocolate Extra 366,1000000000366,Lacteos,2027-12-08,NutriPlus,18.01,30
Sopa Instantanea Extra 367,1000000000367,Despensa,2027-03-13,Bimbo,73.01,39
Frijol Negro Clasico 368,1000000000368,Granos,2027-01-17,DelValle,91.31,103
Manzana Roja Extra 369,1000000000369,Bebidas,2028-04-22,DelCampo,93.34,46
Mermelada Fresa Natural 370,1000000000370,Granos,2029-05-17,FreshCo,16.08,125
Sopa Instantanea Light 371,1000000000371,Frutas,2029-10-22,LaMilpa,42.92,77
Leche Entera Premium 372,1000000000372,Lacteos,2027-06-11,FreshCo,90.36,97
Frijol Negro Clasico 373,1000000000373,Granos,2027-05-31,FreshCo,11.52,95
Chocolate Negro Light 374,1000000000374,Despensa,2027-05-20,FreshCo,5.96,5
Frijol Negro Natural 375,1000000000375,Granos,2029-02-07,LaVaquita,42.93,4
Manzana Roja Light 376,1000000000376,Despensa,2029-10-15,DelCampo,42.13,164
Leche Entera Light 377,1000000000377,Lacteos,2026-07-01,Sabroso,37.55,19
Pan Integral Premium 378,1000000000378,Frutas,2029-03-04,Sabroso,2.04,176
Azucar Morena Premium 379,1000000000379,Lacteos,2027-09-30,LaVaquita,40.1,84
Manzana Roja Extra 380,1000000000380,Bebidas,2029-12-23,DelValle,14.62,164
Jugo Natural Light 381,1000000000381,Lacteos,2026-03-07,LaVaquita,88.86,190
Sopa Instantanea Natural 382,1000000000382,Lacteos,2027-12-18,DelCampo,60.1,157
Azucar Morena Clasico 383,1000000000383,Despensa,2026-01-24,FreshCo,59.64,117
Galletas Chocolate Natural 384,1000000000384,Frutas,2029-07-18,LaMilpa,66.34,80
Leche Entera Natural 385,1000000000385,Lacteos,2029-09-18,CampoReal,8.82,152
Atun Enlatado Clasico 386,1000000000386,Panaderia,2027-02-05,NutriPlus,72.46,185
Queso Crema Clasico 387,1000000000387,Bebidas,2028-01-10,DelValle,91.3,54
Sal Marina Premium 388,1000000000388,Lacteos,2027-05-18,DelCampo,70.73,95
Cafe Molido Natural 389,1000000000389,Lacteos,2027-10-07,FreshCo,96.27,129
Queso Crema Clasico 390,1000000000390,Lacteos,2026-05-27,DelCampo,13.86,22
Mermelada Fresa Natural 391,1000000000391,Despensa,2029-04-26,NutriPlus,47.07,184
Yogurt Fresa Premium 392,1000000000392,Lacteos,2028-05-10,Sabroso,50.53,199
Arroz Blanco Extra 393,1000000000393,Granos,2029-01-21,DelCampo,80.21,76
Pasta Espagueti Light 394,1000000000394,Granos,2029-03-30,DelCampo,60.88,98
Mermelada Fresa Extra 395,1000000000395,Lacteos,2026-05-28,CampoReal,17.33,38
Pan Integral Clasico 396,1000000000396,Despensa,2029-05-10,Cremoso,83.85,183
Chocolate Negro Premium 397,1000000000397,Panaderia,2028-12-16,Sabroso,3.76,198
Aceite Vegetal Light 398,1000000000398,Despensa,2026-01-14,LaMilpa,29.69,188
Queso Crema Natural 399,1000000000399,Granos,2028-03-20,FreshCo,66.69,131
Azucar Morena Clasico 400,1000000000400,Bebidas,2027-08-23,FreshCo,63.61,157
Azucar Morena Extra 401,1000000000401,Lacteos,2027-06-03,NutriPlus,65.68,171
Galletas Chocolate Light 402,1000000000402,Granos,2028-04-26,CampoReal,38.96,34
Chocolate Negro Clasico 403,1000000000403,Frutas,2026-06-13,DelCampo,33.57,168
Manzana Roja Premium 404,1000000000404,Lacteos,2027-05-20,Cremoso,93.41,7
Mermelada Fresa Premium 405,1000000000405,Frutas,2027-10-26,DelCampo,26.81,26
Chocolate Negro Premium 406,1000000000406,Panaderia,2029-11-12,LaMilpa,81.72,96
Mermelada Fresa Light 407,1000000000407,Despensa,2026-05-05,Cremoso,88.99,177
Cafe Molido Natural 408,1000000000408,Bebidas,2028-01-07,FreshCo,79.95,133
Pasta Espagueti Light 409,1000000000409,Granos,2029-12-28,CampoReal,88.64,141
Pasta Espagueti Natural 410,1000000000410,Bebidas,2026-07-27,LaVaquita,59.67,15
Leche Entera Natural 411,1000000000411,Panaderia,2026-06-11,FreshCo,77.09,27
Atun Enlatado Light 412,1000000000412,Bebidas,2028-12-27,FreshCo,77.82,1
Cafe Molido Extra 413,1000000000413,Despensa,2027-02-26,NutriPlus,52.69,27
Leche Entera Extra 414,1000000000414,Bebidas,2026-11-12,NutriPlus,48.39,106
Harina Trigo Extra 415,1000000000415,Despensa,2028-07-24,DelCampo,10.72,44
Sopa Instantanea Premium 416,1000000000416,Granos,2027-09-27,Sabroso,98.96,121
Yogurt Fresa Clasico 417,1000000000417,Granos,2029-09-16,DelCampo,66.44,156
Arroz Blanco Light 418,1000000000418,Granos,2029-07-24,LaMilpa,42.89,170
Frijol Negro Extra 419,1000000000419,Frutas,2027-12-03,Sabroso,55.97,19
Azucar Morena Light 420,1000000000420,Frutas,2029-06-26,Sabroso,64.91,25
Sopa Instantanea Light 421,1000000000421,Panaderia,2027-01-20,Cremoso,36.56,142
Azucar Morena Natural 422,1000000000422,Lacteos,2027-11-03,Bimbo,1.9,47
Frijol Negro Premium 423,1000000000423,Despensa,2029-03-02,LaVaquita,91.33,9
Jugo Natural Extra 424,1000000000424,Despensa,2029-05-06,Sabroso,64.73,109
Arroz Blanco Clasico 425,1000000000425,Bebidas,2026-01-25,LaMilpa,40.53,155
Aceite Vegetal Light 426,1000000000426,Despensa,2029-11-12,Sabroso,2.35,103
Harina Trigo Extra 427,1000000000427,Frutas,2028-10-05,NutriPlus,28.37,137
Mermelada Fresa Natural 428,1000000000428,Granos,2028-04-08,DelValle,85.22,190
Sal Marina Extra 429,1000000000429,Frutas,2027-10-24,DelCampo,94.98,188
Cereal Avena Extra 430,1000000000430,Lacteos,2027-06-16,Bimbo,92.96,4
Arroz Blanco Extra 431,1000000000431,Granos,2028-02-18,DelValle,49.05,40
Cereal Avena Natural 432,1000000000432,Frutas,2026-07-04,DelCampo,21.03,115
Manzana Roja Extra 433,1000000000433,Panaderia,2027-06-28,DelCampo,30.95,78
Pan Integral Natural 434,1000000000434,Lacteos,2026-07-25,NutriPlus,31.47,174
Chocolate Negro Premium 435,1000000000435,Frutas,2029-05-16,LaMilpa,88.91,184
Atun Enlatado Premium 436,1000000000436,Granos,2026-01-28,CampoReal,51.07,163
Harina Trigo Clasico 437,1000000000437,Panaderia,2029-11-01,LaVaquita,46.94,166
Sopa Instantanea Extra 438,1000000000438,Lacteos,2029-03-12,LaVaquita,93.93,25
Sopa Instantanea Premium 439,1000000000439,Frutas,2026-09-07,DelValle,65.34,20
Mermelada Fresa Clasico 440,1000000000440,Bebidas,2026-02-23,DelValle,30.57,175
Azucar Morena Premium 441,1000000000441,Granos,2026-09-04,Cremoso,62.03,129
Atun Enlatado Clasico 442,1000000000442,Bebidas,2026-10-26,Bimbo,72.55,108
Leche Entera Clasico 443,1000000000443,Despensa,2029-12-31,Sabroso,99.29,168
Jugo Natural Natural 444,1000000000444,Despensa,2029-03-26,FreshCo,58.75,153
Arroz Blanco Clasico 445,1000000000445,Bebidas,2026-02-12,DelValle,44.68,99
Cafe Molido Clasico 446,1000000000446,Bebidas,2026-11-15,Cremoso,6.55,99
Pasta Espagueti Premium 447,1000000000447,Lacteos,2029-11-01,Bimbo,90.2,52
Galletas Chocolate Extra 448,1000000000448,Granos,2027-09-29,DelCampo,14.08,195
Atun Enlatado Premium 449,1000000000449,Bebidas,2028-10-24,Sabroso,81.27,177
Sal Marina Premium 450,1000000000450,Lacteos,2026-11-05,LaMilpa,46.13,54
Cereal Avena Natural 451,1000000000451,Frutas,2029-10-03,FreshCo,36.41,200
Azucar Morena Light 452,1000000000452,Granos,2027-07-27,FreshCo,63.65,161
Arroz Blanco Extra 453,1000000000453,Bebidas,2026-03-02,CampoReal,41.83,140
Mermelada Fresa Natural 454,1000000000454,Panaderia,2028-03-09,DelValle,53.78,44
Harina Trigo Natural 455,1000000000455,Despensa,2028-06-15,NutriPlus,14.59,142
Jugo Natural Clasico 456,1000000000456,Panaderia,2026-11-11,LaMilpa,84.01,144
Manzana Roja Clasico 457,1000000000457,Bebidas,2029-01-01,NutriPlus,1.65,137
Chocolate Negro Natural 458,1000000000458,Panaderia,2027-07-31,Bimbo,31.08,75
Galletas Chocolate Extra 459,1000000000459,Lacteos,2028-05-01,LaVaquita,17.22,82
Arroz Blanco Natural 460,1000000000460,Frutas,2029-02-13,Sabroso,66.61,50
Mermelada Fresa Extra 461,1000000000461,Frutas,2027-09-01,LaVaquita,71.79,132
Chocolate Negro Extra 462,1000000000462,Bebidas,2027-05-02,NutriPlus,86.1,106
Manzana Roja Natural 463,1000000000463,Bebidas,2026-10-23,CampoReal,12.91,108
Arroz Blanco Natural 464,1000000000464,Lacteos,2027-03-23,Bimbo,29.59,21
Leche Entera Clasico 465,1000000000465,Panaderia,2029-06-30,CampoReal,80.9,183
Jugo Natural Light 466,1000000000466,Frutas,2029-06-20,Bimbo,34.74,23
Pasta Espagueti Clasico 467,1000000000467,Granos,2029-09-02,DelCampo,57.41,134
Leche Entera Premium 468,1000000000468,Bebidas,2027-05-24,Bimbo,47.26,58
Mermelada Fresa Extra 469,1000000000469,Panaderia,2029-11-26,NutriPlus,14.47,74
Azucar Morena Extra 470,1000000000470,Bebidas,2029-05-09,DelValle,86.84,101
Mermelada Fresa Natural 471,1000000000471,Lacteos,2027-12-28,Sabroso,69.68,116
Aceite Vegetal Natural 472,1000000000472,Lacteos,2027-08-12,DelCampo,18.09,21
Manzana Roja Natural 473,1000000000473,Granos,2027-05-24,Bimbo,46.75,142
Sopa Instantanea Natural 474,1000000000474,Panaderia,2026-04-19,CampoReal,76.18,163
Chocolate Negro Light 475,1000000000475,Panaderia,2029-02-21,NutriPlus,19.0,34
Sal Marina Clasico 476,1000000000476,Frutas,2027-08-19,DelValle,6.61,42
Aceite Vegetal Extra 477,1000000000477,Granos,2027-02-21,Bimbo,23.38,40
Pasta Espagueti Premium 478,1000000000478,Despensa,2027-01-25,LaVaquita,34.68,117
Azucar Morena Clasico 479,1000000000479,Lacteos,2029-03-03,DelValle,74.84,70
Galletas Chocolate Extra 480,1000000000480,Despensa,2026-11-23,Sabroso,27.04,185
Mermelada Fresa Extra 481,1000000000481,Bebidas,2027-12-24,LaMilpa,49.58,41
Harina Trigo Light 482,1000000000482,Frutas,2028-03-25,DelValle,20.56,87
Pasta Espagueti Light 483,1000000000483,Lacteos,2028-01-16,DelValle,84.57,125
Queso Crema Natural 484,1000000000484,Despensa,2027-07-28,DelCampo,66.35,176
Sopa Instantanea Extra 485,1000000000485,Panaderia,2028-07-29,DelCampo,28.83,23
Pasta Espagueti Premium 486,1000000000486,Lacteos,2028-01-05,DelValle,54.86,45
Azucar Morena Extra 487,1000000000487,Despensa,2027-12-22,DelValle,15.08,185
Frijol Negro Premium 488,1000000000488,Panaderia,2028-01-12,LaVaquita,85.54,158
Atun Enlatado Clasico 489,1000000000489,Lacteos,2026-12-13,LaVaquita,26.74,165
Sal Marina Extra 490,1000000000490,Bebidas,2026-10-16,LaVaquita,84.19,45
Pasta Espagueti Extra 491,1000000000491,Granos,2027-03-07,Bimbo,99.77,2
Jugo Natural Light 492,1000000000492,Despensa,2028-01-08,CampoReal,85.93,135
Leche Entera Clasico 493,1000000000493,Frutas,2026-07-24,LaMilpa,47.58,134
Sal Marina Light 494,1000000000494,Despensa,2029-03-13,FreshCo,36.45,182
Azucar Morena Premium 495,1000000000495,Despensa,2027-05-18,Cremoso,62.23,171
Galletas Chocolate Extra 496,1000000000496,Lacteos,2028-07-05,Bimbo,49.0,77
Queso Crema Natural 497,1000000000497,Despensa,2029-03-03,Bimbo,1.55,5
Azucar Morena Clasico 498,1000000000498,Despensa,2029-12-28,Bimbo,95.41,184
Arroz Blanco Extra 499,1000000000499,Despensa,2029-01-26,DelValle,27.29,129
Jugo Natural Extra 500,1000000000500,Frutas,2028-09-06,Cremoso,98.32,130
Queso Crema Natural 501,1000000000501,Lacteos,2029-03-16,Cremoso,76.81,179
Atun Enlatado Premium 502,1000000000502,Bebidas,2028-12-01,DelValle,20.83,11
Jugo Natural Natural 503,1000000000503,Frutas,2028-10-04,LaMilpa,74.6,74
Harina Trigo Extra 504,1000000000504,Lacteos,2026-10-19,Bimbo,45.45,131
Pasta Espagueti Clasico 505,1000000000505,Lacteos,2026-01-17,CampoReal,76.09,70
Mermelada Fresa Extra 506,1000000000506,Despensa,2026-03-31,DelValle,64.52,90
Cafe Molido Premium 507,1000000000507,Frutas,2029-12-22,Cremoso,44.02,86
Yogurt Fresa Clasico 508,1000000000508,Frutas,2026-05-09,Cremoso,84.11,82
Pan Integral Clasico 509,1000000000509,Frutas,2026-12-25,LaMilpa,88.4,75
Galletas Chocolate Light 510,1000000000510,Bebidas,2028-07-28,Sabroso,8.7,125
Leche Entera Extra 511,1000000000511,Granos,2028-07-11,LaMilpa,63.24,105
Galletas Chocolate Extra 512,1000000000512,Panaderia,2027-07-27,Bimbo,17.41,185
Pan Integral Light 513,1000000000513,Bebidas,2029-01-29,LaMilpa,75.29,6
Queso Crema Premium 514,1000000000514,Frutas,2029-08-16,DelValle,11.81,98
Queso Crema Extra 515,1000000000515,Frutas,2027-07-16,LaMilpa,11.61,186
Queso Crema Clasico 516,1000000000516,Granos,2028-04-04,CampoReal,98.6,100
Azucar Morena Extra 517,1000000000517,Panaderia,2026-10-28,NutriPlus,76.53,88
Sopa Instantanea Clasico 518,1000000000518,Panaderia,2029-02-25,Bimbo,88.82,1
Aceite Vegetal Light 519,1000000000519,Granos,2027-05-13,FreshCo,40.4,106
Cereal Avena Clasico 520,1000000000520,Despensa,2029-10-20,Sabroso,56.44,108
Pan Integral Clasico 521,1000000000521,Despensa,2027-02-04,DelCampo,90.4,19
Frijol Negro Natural 522,1000000000522,Bebidas,2027-06-18,NutriPlus,14.8,64
Pasta Espagueti Clasico 523,1000000000523,Lacteos,2028-05-25,LaVaquita,79.54,165
Yogurt Fresa Extra 524,1000000000524,Bebidas,2029-11-13,CampoReal,20.8,69
Cereal Avena Clasico 525,1000000000525,Lacteos,2029-12-15,DelValle,53.16,99
Sopa Instantanea Premium 526,1000000000526,Granos,2027-06-28,LaVaquita,95.78,42
Manzana Roja Light 527,1000000000527,Lacteos,2028-02-22,LaMilpa,20.7,85
Sal Marina Light 528,1000000000528,Frutas,2028-05-05,FreshCo,9.63,66
Harina Trigo Light 529,1000000000529,Bebidas,2029-03-16,DelCampo,35.51,105
Azucar Morena Premium 530,1000000000530,Frutas,2027-04-10,FreshCo,2.68,53
Harina Trigo Premium 531,1000000000531,Granos,2026-10-13,Cremoso,74.67,94
Harina Trigo Light 532,1000000000532,Lacteos,2028-11-27,Sabroso,28.59,52
Pasta Espagueti Light 533,1000000000533,Bebidas,2028-04-07,Cremoso,59.21,28
Cereal Avena Light 534,1000000000534,Bebidas,2027-08-08,LaMilpa,17.17,178
Pasta Espagueti Extra 535,1000000000535,Granos,2028-04-05,LaVaquita,11.91,65
Sal Marina Light 536,1000000000536,Granos,2026-06-29,DelValle,58.61,150
Pan Integral Natural 537,1000000000537,Despensa,2026-03-05,CampoReal,66.34,172
Jugo Natural Premium 538,1000000000538,Bebidas,2028-08-09,Cremoso,55.24,193
Frijol Negro Premium 539,1000000000539,Despensa,2028-11-22,DelCampo,50.59,163
Sopa Instantanea Light 540,1000000000540,Despensa,2026-07-08,FreshCo,70.53,115
Azucar Morena Clasico 541,1000000000541,Despensa,2027-09-23,LaMilpa,5.75,60
Queso Crema Natural 542,1000000000542,Despensa,2028-03-17,CampoReal,8.5,102
Cafe Molido Premium 543,1000000000543,Despensa,2028-12-12,DelValle,73.11,138
Azucar Morena Extra 544,1000000000544,Granos,2026-06-11,FreshCo,41.44,30
Sal Marina Natural 545,1000000000545,Panaderia,2029-11-26,Bimbo,62.31,31
Cereal Avena Light 546,1000000000546,Bebidas,2027-01-27,LaVaquita,22.29,123
Galletas Chocolate Extra 547,1000000000547,Bebidas,2029-01-18,Bimbo,62.87,182
Frijol Negro Light 548,1000000000548,Despensa,2027-04-29,Bimbo,34.68,60
Pasta Espagueti Natural 549,1000000000549,Despensa,2026-03-17,Sabroso,8.27,107
Mermelada Fresa Light 550,1000000000550,Lacteos,2028-07-22,Bimbo,73.14,114
Queso Crema Premium 551,1000000000551,Panaderia,2026-02-09,LaVaquita,43.6,100
Harina Trigo Clasico 552,1000000000552,Granos,2026-10-08,Bimbo,84.57,117
Arroz Blanco Light 553,1000000000553,Granos,2028-09-27,DelValle,99.28,139
Pasta Espagueti Premium 554,1000000000554,Bebidas,2029-09-06,DelCampo,81.62,34
Galletas Chocolate Natural 555,1000000000555,Bebidas,2027-10-26,Cremoso,17.66,159
Arroz Blanco Light 556,1000000000556,Panaderia,2029-12-21,LaMilpa,38.01,175
Sopa Instantanea Premium 557,1000000000557,Bebidas,2027-09-14,LaMilpa,25.91,50
Mermelada Fresa Natural 558,1000000000558,Panaderia,2027-09-23,NutriPlus,67.54,42
Harina Trigo Premium 559,1000000000559,Despensa,2029-03-23,Bimbo,52.3,155
Galletas Chocolate Premium 560,1000000000560,Frutas,2026-04-24,DelCampo,49.21,107
Galletas Chocolate Light 561,1000000000561,Granos,2028-07-22,Bimbo,41.74,32
Manzana Roja Clasico 562,1000000000562,Panaderia,2029-03-17,DelValle,14.53,29
Yogurt Fresa Extra 563,1000000000563,Granos,2029-11-08,NutriPlus,73.66,159
Cafe Molido Clasico 564,1000000000564,Despensa,2029-05-29,DelCampo,79.62,140
Queso Crema Clasico 565,1000000000565,Lacteos,2027-02-23,DelValle,93.09,121
Leche Entera Light 566,1000000000566,Lacteos,2029-09-06,LaMilpa,81.43,70
Jugo Natural Premium 567,1000000000567,Frutas,2029-09-03,CampoReal,98.08,52
Yogurt Fresa Light 568,1000000000568,Panaderia,2027-01-15,FreshCo,82.53,67
Manzana Roja Extra 569,1000000000569,Bebidas,2026-04-17,DelValle,30.66,40
Jugo Natural Premium 570,1000000000570,Granos,2028-06-12,FreshCo,12.46,177
Harina Trigo Clasico 571,1000000000571,Lacteos,2027-08-08,Sabroso,33.6,72
Sopa Instantanea Premium 572,1000000000572,Panaderia,2028-01-16,DelValle,99.33,166
Atun Enlatado Premium 573,1000000000573,Lacteos,2029-10-01,DelCampo,62.92,129
Yogurt Fresa Premium 574,1000000000574,Bebidas,2027-11-19,CampoReal,61.99,188
Aceite Vegetal Extra 575,1000000000575,Panaderia,2029-09-01,LaMilpa,27.73,112
Arroz Blanco Natural 576,1000000000576,Lacteos,2027-11-13,CampoReal,72.08,178
Frijol Negro Clasico 577,1000000000577,Granos,2028-01-27,NutriPlus,64.06,46
Pan Integral Extra 578,1000000000578,Lacteos,2026-11-12,LaVaquita,42.21,80
Atun Enlatado Light 579,1000000000579,Bebidas,2026-11-02,Bimbo,32.73,143
Jugo Natural Natural 580,1000000000580,Panaderia,2026-11-11,Bimbo,42.08,196
Galletas Chocolate Premium 581,1000000000581,Panaderia,2027-12-24,DelCampo,14.21,87
Queso Crema Clasico 582,1000000000582,Lacteos,2026-05-01,CampoReal,76.84,191
Galletas Chocolate Light 583,1000000000583,Frutas,2027-03-16,CampoReal,24.38,166
Galletas Chocolate Premium 584,1000000000584,Lacteos,2029-03-21,FreshCo,54.53,46
Leche Entera Premium 585,1000000000585,Lacteos,2027-05-08,DelValle,44.17,185
Pan Integral Natural 586,1000000000586,Granos,2026-01-12,LaMilpa,97.1,85
Jugo Natural Extra 587,1000000000587,Granos,2028-07-21,Cremoso,37.18,19
Cereal Avena Clasico 588,1000000000588,Lacteos,2026-01-02,FreshCo,16.23,35
Harina Trigo Premium 589,1000000000589,Panaderia,2027-04-20,Bimbo,66.75,18
Pan Integral Premium 590,1000000000590,Bebidas,2027-02-28,DelValle,49.86,38
Sopa Instantanea Premium 591,1000000000591,Lacteos,2026-08-16,Bimbo,14.24,181
Frijol Negro Light 592,1000000000592,Granos,2028-03-11,Cremoso,78.67,33
Cereal Avena Natural 593,1000000000593,Frutas,2027-11-23,LaVaquita,33.72,172
Cereal Avena Natural 594,1000000000594,Panaderia,2027-09-22,DelCampo,20.03,191
Manzana Roja Clasico 595,1000000000595,Granos,2027-06-29,CampoReal,51.85,107
Azucar Morena Clasico 596,1000000000596,Panaderia,2026-01-10,Sabroso,93.85,34
Aceite Vegetal Premium 597,1000000000597,Bebidas,2029-05-09,Bimbo,21.98,97
Frijol Negro Extra 598,1000000000598,Bebidas,2028-10-10,FreshCo,13.98,92
Galletas Chocolate Extra 599,1000000000599,Panaderia,2026-04-18,NutriPlus,82.73,3
Pasta Espagueti Extra 600,1000000000600,Frutas,2029-05-18,LaVaquita,28.25,153
Frijol Negro Clasico 601,1000000000601,Frutas,2029-09-06,NutriPlus,50.01,37
Yogurt Fresa Premium 602,1000000000602,Panaderia,2029-11-26,LaMilpa,95.01,6
Azucar Morena Clasico 603,1000000000603,Frutas,2026-04-10,LaMilpa,87.43,120
Arroz Blanco Premium 604,1000000000604,Despensa,2028-08-11,LaMilpa,35.46,3
Cereal Avena Light 605,1000000000605,Lacteos,2027-01-03,DelValle,72.26,57
Galletas Chocolate Clasico 606,1000000000606,Despensa,2029-07-28,CampoReal,49.35,48
Chocolate Negro Natural 607,1000000000607,Lacteos,2029-01-05,DelCampo,31.65,55
Sal Marina Clasico 608,1000000000608,Frutas,2027-05-18,LaVaquita,70.03,151
Sopa Instantanea Premium 609,1000000000609,Lacteos,2027-10-18,FreshCo,38.74,138
Harina Trigo Clasico 610,1000000000610,Panaderia,2026-01-15,Sabroso,4.16,63
Jugo Natural Natural 611,1000000000611,Granos,2026-11-02,CampoReal,91.76,56
Leche Entera Natural 612,1000000000612,Frutas,2027-08-31,LaVaquita,56.07,152
Cereal Avena Clasico 613,1000000000613,Granos,2029-08-05,Sabroso,41.61,58
Cafe Molido Light 614,1000000000614,Granos,2028-08-11,Bimbo,22.92,157
Azucar Morena Premium 615,1000000000615,Granos,2029-06-11,LaMilpa,23.24,187
Manzana Roja Premium 616,1000000000616,Lacteos,2028-12-03,DelValle,29.48,117
Manzana Roja Premium 617,1000000000617,Bebidas,2026-06-21,LaMilpa,90.57,110
Pan Integral Premium 618,1000000000618,Bebidas,2028-05-16,DelValle,29.06,153
Pan Integral Natural 619,1000000000619,Granos,2029-07-28,DelCampo,4.57,47
Harina Trigo Light 620,1000000000620,Despensa,2026-06-15,Bimbo,29.27,60
Leche Entera Premium 621,1000000000621,Lacteos,2027-05-03,LaMilpa,45.49,67
Pasta Espagueti Light 622,1000000000622,Frutas,2028-08-15,Bimbo,7.72,21
Cereal Avena Clasico 623,1000000000623,Bebidas,2027-07-20,DelValle,48.25,145
Jugo Natural Premium 624,1000000000624,Despensa,2029-12-04,NutriPlus,38.02,76
Queso Crema Clasico 625,1000000000625,Granos,2029-06-03,CampoReal,61.42,175
Jugo Natural Extra 626,1000000000626,Granos,2027-05-05,LaMilpa,86.67,28
Jugo Natural Natural 627,1000000000627,Lacteos,2026-08-29,LaMilpa,25.14,195
Cereal Avena Clasico 628,1000000000628,Despensa,2026-04-04,Bimbo,60.6,136
Cereal Avena Light 629,1000000000629,Despensa,2026-02-13,Bimbo,10.66,24
Pan Integral Extra 630,1000000000630,Despensa,2029-11-26,LaVaquita,3.92,53
Aceite Vegetal Extra 631,1000000000631,Bebidas,2026-04-04,DelValle,73.25,172
Atun Enlatado Premium 632,1000000000632,Lacteos,2026-01-09,CampoReal,51.73,97
Sopa Instantanea Natural 633,1000000000633,Frutas,2028-09-28,Sabroso,15.4,91
Sal Marina Premium 634,1000000000634,Lacteos,2027-10-21,NutriPlus,42.96,43
Sopa Instantanea Premium 635,1000000000635,Frutas,2026-03-01,Bimbo,99.85,148
Queso Crema Natural 636,1000000000636,Panaderia,2026-04-17,FreshCo,90.27,146
Queso Crema Clasico 637,1000000000637,Lacteos,2026-10-02,DelValle,41.75,166
Azucar Morena Clasico 638,1000000000638,Panaderia,2027-02-06,FreshCo,39.92,30
Mermelada Fresa Premium 639,1000000000639,Granos,2029-06-30,NutriPlus,97.57,115
Sopa Instantanea Light 640,1000000000640,Bebidas,2028-01-10,LaMilpa,38.2,158
Queso Crema Clasico 641,1000000000641,Despensa,2027-06-14,FreshCo,85.38,108
Pasta Espagueti Premium 642,1000000000642,Lacteos,2026-06-28,Cremoso,25.36,186
Pasta Espagueti Light 643,1000000000643,Granos,2028-02-24,CampoReal,48.24,171
Aceite Vegetal Premium 644,1000000000644,Frutas,2026-08-16,DelValle,62.37,66
Chocolate Negro Natural 645,1000000000645,Granos,2029-04-28,Sabroso,39.02,17
Manzana Roja Premium 646,1000000000646,Panaderia,2026-12-26,Bimbo,27.54,111
Manzana Roja Light 647,1000000000647,Lacteos,2026-03-13,Sabroso,36.4,120
Queso Crema Extra 648,1000000000648,Lacteos,2029-08-01,NutriPlus,29.45,60
Chocolate Negro Extra 649,1000000000649,Granos,2028-07-06,DelValle,26.76,181
Harina Trigo Clasico 650,1000000000650,Frutas,2026-08-30,LaVaquita,49.1,128
Harina Trigo Clasico 651,1000000000651,Despensa,2029-05-19,DelValle,82.28,13
Azucar Morena Natural 652,1000000000652,Despensa,2028-01-09,Bimbo,66.33,92
Frijol Negro Extra 653,1000000000653,Frutas,2026-10-05,Bimbo,31.65,47
Chocolate Negro Light 654,1000000000654,Panaderia,2026-09-01,LaMilpa,40.79,76
Sal Marina Extra 655,1000000000655,Frutas,2028-09-16,CampoReal,53.65,12
Atun Enlatado Natural 656,1000000000656,Lacteos,2027-04-22,LaVaquita,31.74,182
Pan Integral Premium 657,1000000000657,Lacteos,2028-04-24,Sabroso,55.66,126
Cafe Molido Natural 658,1000000000658,Lacteos,2027-06-23,FreshCo,40.51,162
Chocolate Negro Premium 659,1000000000659,Lacteos,2028-02-29,LaMilpa,21.29,176
Azucar Morena Light 660,1000000000660,Lacteos,2028-12-06,Sabroso,44.45,195
Arroz Blanco Light 661,1000000000661,Bebidas,2027-11-03,LaMilpa,28.48,126
Galletas Chocolate Natural 662,1000000000662,Frutas,2029-08-08,FreshCo,25.35,64
Jugo Natural Natural 663,1000000000663,Bebidas,2028-03-24,Sabroso,49.64,92
Pasta Espagueti Light 664,1000000000664,Bebidas,2029-05-02,LaMilpa,39.29,33
Queso Crema Clasico 665,1000000000665,Granos,2029-03-13,CampoReal,74.01,6
Cafe Molido Natural 666,1000000000666,Frutas,2027-01-19,FreshCo,76.24,160
Leche Entera Clasico 667,1000000000667,Despensa,2026-05-06,FreshCo,69.39,188
Sal Marina Light 668,1000000000668,Panaderia,2029-02-20,Bimbo,56.53,163
Jugo Natural Clasico 669,1000000000669,Lacteos,2028-01-13,Sabroso,54.98,28
Sal Marina Extra 670,1000000000670,Bebidas,2027-04-30,NutriPlus,12.93,109
Jugo Natural Natural 671,1000000000671,Frutas,2028-02-04,DelCampo,29.83,118
Mermelada Fresa Premium 672,1000000000672,Frutas,2028-06-20,NutriPlus,58.84,150
Azucar Morena Light 673,1000000000673,Bebidas,2028-11-05,NutriPlus,90.04,150
Sal Marina Premium 674,1000000000674,Frutas,2027-06-25,CampoReal,26.48,155
Chocolate Negro Clasico 675,1000000000675,Granos,2029-04-19,FreshCo,18.05,14
Azucar Morena Clasico 676,1000000000676,Granos,2028-12-31,LaVaquita,1.91,40
Sopa Instantanea Clasico 677,1000000000677,Frutas,2026-10-09,DelValle,78.57,130
Arroz Blanco Natural 678,1000000000678,Bebidas,2026-02-09,DelCampo,51.36,52
Pasta Espagueti Premium 679,1000000000679,Lacteos,2027-07-14,Cremoso,38.27,177
Cereal Avena Clasico 680,1000000000680,Lacteos,2027-07-26,CampoReal,85.41,179
Manzana Roja Natural 681,1000000000681,Granos,2029-02-16,LaMilpa,95.53,136
Sopa Instantanea Natural 682,1000000000682,Granos,2029-10-01,Cremoso,64.66,31
Leche Entera Light 683,1000000000683,Granos,2028-10-03,LaVaquita,36.77,52
Sal Marina Clasico 684,1000000000684,Granos,2028-09-30,Sabroso,18.61,163
Sal Marina Light 685,1000000000685,Granos,2027-11-20,LaVaquita,64.46,112
Aceite Vegetal Extra 686,1000000000686,Panaderia,2029-11-30,LaVaquita,87.62,89
Arroz Blanco Light 687,1000000000687,Frutas,2027-02-25,DelCampo,16.01,181
Cafe Molido Natural 688,1000000000688,Bebidas,2028-02-14,Cremoso,77.28,147
Frijol Negro Natural 689,1000000000689,Panaderia,2029-03-28,Bimbo,65.29,48
Sopa Instantanea Extra 690,1000000000690,Frutas,2029-05-11,FreshCo,76.71,180
Sopa Instantanea Natural 691,1000000000691,Granos,2028-11-13,Sabroso,53.41,61
Pasta Espagueti Natural 692,1000000000692,Frutas,2028-11-18,Bimbo,77.08,187
Cafe Molido Light 693,1000000000693,Lacteos,2028-08-23,DelValle,73.92,30
Atun Enlatado Clasico 694,1000000000694,Bebidas,2029-05-07,CampoReal,88.72,97
Galletas Chocolate Premium 695,1000000000695,Lacteos,2028-01-12,CampoReal,69.72,165
Azucar Morena Light 696,1000000000696,Panaderia,2026-08-08,Cremoso,61.29,102
Manzana Roja Premium 697,1000000000697,Bebidas,2029-10-03,CampoReal,46.18,76
Aceite Vegetal Extra 698,1000000000698,Panaderia,2027-02-21,Bimbo,95.18,62
Queso Crema Extra 699,1000000000699,Frutas,2028-12-13,Bimbo,27.97,25
Frijol Negro Clasico 700,1000000000700,Despensa,2029-02-03,DelCampo,99.69,144
Leche Entera Natural 701,1000000000701,Bebidas,2027-08-12,DelCampo,99.65,44
Pan Integral Extra 702,1000000000702,Despensa,2027-10-04,Bimbo,30.81,112
Atun Enlatado Natural 703,1000000000703,Lacteos,2028-03-16,Sabroso,8.45,46
Yogurt Fresa Natural 704,1000000000704,Granos,2026-12-08,LaMilpa,99.96,146
Mermelada Fresa Light 705,1000000000705,Lacteos,2029-03-30,DelValle,98.62,65
Azucar Morena Premium 706,1000000000706,Despensa,2028-01-28,FreshCo,11.82,66
Pasta Espagueti Premium 707,1000000000707,Panaderia,2026-07-01,DelValle,95.0,90
Frijol Negro Extra 708,1000000000708,Lacteos,2029-08-03,LaMilpa,20.9,192
Jugo Natural Natural 709,1000000000709,Granos,2026-08-06,Sabroso,42.24,180
Chocolate Negro Premium 710,1000000000710,Bebidas,2026-06-29,LaVaquita,91.95,9
Mermelada Fresa Light 711,1000000000711,Panaderia,2027-02-15,DelValle,17.5,172
Cafe Molido Clasico 712,1000000000712,Lacteos,2028-04-21,LaVaquita,3.16,5
Cereal Avena Clasico 713,1000000000713,Frutas,2029-01-10,Bimbo,55.12,35
Sopa Instantanea Light 714,1000000000714,Granos,2028-08-15,LaVaquita,11.85,99
Queso Crema Natural 715,1000000000715,Despensa,2028-05-02,DelValle,48.29,111
Pan Integral Light 716,1000000000716,Despensa,2029-10-26,DelCampo,83.99,17
Leche Entera Clasico 717,1000000000717,Bebidas,2028-10-12,LaMilpa,34.35,135
Leche Entera Clasico 718,1000000000718,Lacteos,2026-11-20,FreshCo,35.21,179
Harina Trigo Extra 719,1000000000719,Bebidas,2028-02-17,DelValle,98.16,161
Atun Enlatado Premium 720,1000000000720,Granos,2028-11-07,CampoReal,82.58,44
Azucar Morena Premium 721,1000000000721,Frutas,2026-08-20,Cremoso,68.61,108
Aceite Vegetal Premium 722,1000000000722,Panaderia,2029-06-15,NutriPlus,51.33,39
Jugo Natural Light 723,1000000000723,Frutas,2027-03-03,Sabroso,83.7,78
Sal Marina Clasico 724,1000000000724,Bebidas,2027-12-26,LaVaquita,14.07,28
Jugo Natural Clasico 725,1000000000725,Bebidas,2027-12-11,FreshCo,10.35,114
Galletas Chocolate Clasico 726,1000000000726,Granos,2027-10-14,Sabroso,1.41,47
Pasta Espagueti Light 727,1000000000727,Despensa,2029-11-09,Sabroso,34.28,181
Pasta Espagueti Extra 728,1000000000728,Granos,2026-04-14,DelCampo,11.95,39
Cafe Molido Clasico 729,1000000000729,Lacteos,2026-07-03,DelCampo,47.04,131
Harina Trigo Clasico 730,1000000000730,Lacteos,2029-08-27,FreshCo,87.24,93
Yogurt Fresa Natural 731,1000000000731,Panaderia,2028-12-05,NutriPlus,13.85,130
Yogurt Fresa Light 732,1000000000732,Panaderia,2026-03-24,FreshCo,10.75,36
Frijol Negro Light 733,1000000000733,Despensa,2029-09-22,LaMilpa,21.69,176
Mermelada Fresa Clasico 734,1000000000734,Frutas,2027-02-08,DelCampo,30.08,26
Cafe Molido Clasico 735,1000000000735,Lacteos,2028-01-30,LaVaquita,71.46,102
Manzana Roja Extra 736,1000000000736,Bebidas,2029-12-17,LaVaquita,87.08,102
Cereal Avena Natural 737,1000000000737,Despensa,2027-03-23,DelValle,4.96,21
Leche Entera Premium 738,1000000000738,Granos,2029-05-03,CampoReal,83.98,178
Pasta Espagueti Extra 739,1000000000739,Despensa,2028-06-28,LaVaquita,34.64,82
Galletas Chocolate Light 740,1000000000740,Granos,2026-01-27,LaVaquita,92.42,106
Sopa Instantanea Natural 741,1000000000741,Bebidas,2027-07-10,LaVaquita,11.52,78
Mermelada Fresa Light 742,1000000000742,Frutas,2027-11-05,LaVaquita,51.35,92
Manzana Roja Extra 743,1000000000743,Bebidas,2029-12-19,LaVaquita,75.16,82
Pan Integral Natural 744,1000000000744,Granos,2029-04-14,Sabroso,19.4,31
Cereal Avena Premium 745,1000000000745,Despensa,2028-05-19,Cremoso,25.54,95
Cereal Avena Extra 746,1000000000746,Despensa,2026-03-04,DelCampo,28.62,59
Manzana Roja Extra 747,1000000000747,Frutas,2027-07-19,Cremoso,70.02,164
Aceite Vegetal Natural 748,1000000000748,Granos,2026-04-30,Cremoso,31.29,91
Sopa Instantanea Extra 749,1000000000749,Despensa,2027-01-20,Bimbo,70.35,115
Sal Marina Light 750,1000000000750,Bebidas,2028-07-12,CampoReal,84.46,56
Arroz Blanco Extra 751,1000000000751,Lacteos,2029-01-11,CampoReal,54.57,79
Frijol Negro Natural 752,1000000000752,Panaderia,2027-11-09,LaMilpa,52.46,104
Aceite Vegetal Natural 753,1000000000753,Bebidas,2029-12-04,NutriPlus,12.08,110
Harina Trigo Natural 754,1000000000754,Bebidas,2028-09-09,LaVaquita,30.09,194
Atun Enlatado Light 755,1000000000755,Panaderia,2026-10-04,NutriPlus,23.12,73
Cafe Molido Clasico 756,1000000000756,Frutas,2029-11-13,FreshCo,26.61,124
Chocolate Negro Extra 757,1000000000757,Bebidas,2028-07-31,Cremoso,90.47,198
Chocolate Negro Clasico 758,1000000000758,Bebidas,2029-07-27,DelValle,31.24,191
Atun Enlatado Premium 759,1000000000759,Frutas,2026-02-14,DelCampo,18.82,181
Leche Entera Clasico 760,1000000000760,Lacteos,2028-03-31,Cremoso,40.51,146
Cafe Molido Premium 761,1000000000761,Bebidas,2029-12-31,Cremoso,44.8,7
Sal Marina Extra 762,1000000000762,Frutas,2026-12-27,LaMilpa,74.48,62
Chocolate Negro Premium 763,1000000000763,Frutas,2028-08-05,CampoReal,40.96,116
Queso Crema Natural 764,1000000000764,Frutas,2028-09-16,DelCampo,92.48,100
Manzana Roja Premium 765,1000000000765,Granos,2027-05-13,CampoReal,22.13,118
Aceite Vegetal Natural 766,1000000000766,Despensa,2028-06-09,LaVaquita,68.93,77
Frijol Negro Extra 767,1000000000767,Frutas,2027-04-30,NutriPlus,82.88,84
Cafe Molido Premium 768,1000000000768,Lacteos,2027-07-29,DelValle,33.65,119
Sal Marina Extra 769,1000000000769,Frutas,2028-05-01,FreshCo,64.41,183
Galletas Chocolate Light 770,1000000000770,Lacteos,2026-08-01,CampoReal,64.71,5
Frijol Negro Natural 771,1000000000771,Granos,2027-03-03,CampoReal,96.83,194
Galletas Chocolate Premium 772,1000000000772,Despensa,2029-08-28,CampoReal,53.31,149
Yogurt Fresa Clasico 773,1000000000773,Panaderia,2027-10-19,DelValle,73.52,42
Pasta Espagueti Premium 774,1000000000774,Frutas,2027-07-05,DelCampo,71.02,185
Frijol Negro Light 775,1000000000775,Granos,2027-08-05,Sabroso,5.58,90
Leche Entera Premium 776,1000000000776,Despensa,2027-11-17,Cremoso,12.28,189
Pan Integral Light 777,1000000000777,Lacteos,2026-09-06,NutriPlus,54.08,4
Sopa Instantanea Clasico 778,1000000000778,Granos,2026-08-16,CampoReal,16.14,24
Yogurt Fresa Extra 779,1000000000779,Panaderia,2027-08-21,DelCampo,59.75,78
Frijol Negro Light 780,1000000000780,Frutas,2027-08-30,Cremoso,12.61,109
Mermelada Fresa Light 781,1000000000781,Granos,2028-11-10,Cremoso,89.31,40
Queso Crema Clasico 782,1000000000782,Bebidas,2028-07-03,DelValle,75.12,177
Frijol Negro Premium 783,1000000000783,Granos,2027-10-25,DelValle,77.16,91
Chocolate Negro Clasico 784,1000000000784,Despensa,2027-02-20,DelCampo,93.75,129
Queso Crema Light 785,1000000000785,Lacteos,2029-02-02,Cremoso,89.45,20
Sal Marina Clasico 786,1000000000786,Despensa,2026-05-11,FreshCo,16.86,149
Yogurt Fresa Extra 787,1000000000787,Despensa,2029-10-07,Bimbo,86.26,18
Queso Crema Extra 788,1000000000788,Panaderia,2028-08-16,LaVaquita,73.57,112
Azucar Morena Natural 789,1000000000789,Frutas,2028-01-22,Cremoso,53.0,153
Cereal Avena Extra 790,1000000000790,Lacteos,2027-09-25,DelValle,49.03,78
Atun Enlatado Extra 791,1000000000791,Panaderia,2029-10-09,DelCampo,24.83,5
Cereal Avena Extra 792,1000000000792,Despensa,2027-08-01,DelCampo,28.6,47
Pasta Espagueti Light 793,1000000000793,Granos,2028-12-22,DelCampo,3.26,60
Jugo Natural Light 794,1000000000794,Bebidas,2027-05-07,DelCampo,59.35,31
Pasta Espagueti Extra 795,1000000000795,Bebidas,2029-01-05,Sabroso,85.34,42
Chocolate Negro Premium 796,1000000000796,Bebidas,2028-05-13,LaVaquita,63.03,155
Cafe Molido Premium 797,1000000000797,Lacteos,2027-12-28,Cremoso,23.23,88
Sopa Instantanea Light 798,1000000000798,Granos,2028-08-28,Sabroso,68.35,136
Frijol Negro Light 799,1000000000799,Lacteos,2027-07-25,Cremoso,73.11,170
Cafe Molido Premium 800,1000000000800,Panaderia,2029-05-19,DelCampo,7.34,65
Sopa Instantanea Premium 801,1000000000801,Lacteos,2027-01-29,DelValle,72.3,23
Atun Enlatado Natural 802,1000000000802,Frutas,2029-01-21,CampoReal,74.9,164
Aceite Vegetal Extra 803,1000000000803,Bebidas,2027-03-19,LaMilpa,9.73,119
Chocolate Negro Natural 804,1000000000804,Granos,2029-02-17,Sabroso,58.39,7
Galletas Chocolate Premium 805,1000000000805,Frutas,2027-11-17,DelCampo,50.89,181
Harina Trigo Clasico 806,1000000000806,Frutas,2028-07-17,LaMilpa,51.1,53
Sopa Instantanea Clasico 807,1000000000807,Panaderia,2028-01-30,LaMilpa,43.99,176
Arroz Blanco Extra 808,1000000000808,Frutas,2027-06-26,FreshCo,15.7,79
Sopa Instantanea Extra 809,1000000000809,Lacteos,2027-11-25,Bimbo,29.06,181
Pasta Espagueti Light 810,1000000000810,Bebidas,2028-09-27,Sabroso,24.75,33
Arroz Blanco Clasico 811,1000000000811,Despensa,2027-05-23,CampoReal,27.22,64
Harina Trigo Clasico 812,1000000000812,Lacteos,2028-12-19,DelValle,25.09,185
Pasta Espagueti Light 813,1000000000813,Frutas,2029-07-15,NutriPlus,98.29,175
Galletas Chocolate Natural 814,1000000000814,Granos,2029-10-12,LaVaquita,91.59,162
Arroz Blanco Extra 815,1000000000815,Bebidas,2027-11-20,CampoReal,82.46,9
Sal Marina Premium 816,1000000000816,Frutas,2028-10-01,DelCampo,47.8,58
Galletas Chocolate Clasico 817,1000000000817,Frutas,2028-05-09,Bimbo,15.09,100
Galletas Chocolate Natural 818,1000000000818,Granos,2026-06-17,FreshCo,95.19,124
Sopa Instantanea Extra 819,1000000000819,Despensa,2029-06-09,Cremoso,24.28,10
Yogurt Fresa Extra 820,1000000000820,Panaderia,2028-07-07,FreshCo,85.16,88
Azucar Morena Natural 821,1000000000821,Lacteos,2026-05-06,LaVaquita,54.58,168
Cafe Molido Light 822,1000000000822,Despensa,2029-03-16,Bimbo,75.69,143
Manzana Roja Extra 823,1000000000823,Lacteos,2026-08-05,Cremoso,89.53,172
Cereal Avena Light 824,1000000000824,Panaderia,2029-08-20,LaMilpa,35.49,90
Pasta Espagueti Natural 825,1000000000825,Despensa,2029-11-11,Cremoso,55.32,4
Sal Marina Clasico 826,1000000000826,Despensa,2026-06-10,Bimbo,57.49,55
Queso Crema Extra 827,1000000000827,Bebidas,2026-07-30,Sabroso,59.37,18
Arroz Blanco Clasico 828,1000000000828,Bebidas,2029-06-28,DelValle,49.11,177
Sopa Instantanea Premium 829,1000000000829,Bebidas,2026-10-03,DelValle,82.47,67
Cafe Molido Natural 830,1000000000830,Panaderia,2028-03-26,DelValle,53.87,143
Chocolate Negro Natural 831,1000000000831,Granos,2026-04-17,Sabroso,14.16,90
Harina Trigo Light 832,1000000000832,Lacteos,2027-02-17,LaVaquita,99.09,32
Chocolate Negro Light 833,1000000000833,Despensa,2028-02-22,DelValle,62.52,5
Frijol Negro Clasico 834,1000000000834,Despensa,2028-01-01,CampoReal,91.94,126
Mermelada Fresa Natural 835,1000000000835,Lacteos,2029-10-13,DelValle,59.44,42
Cafe Molido Light 836,1000000000836,Granos,2026-07-15,FreshCo,67.25,4
Manzana Roja Natural 837,1000000000837,Panaderia,2029-08-28,DelCampo,61.52,122
Atun Enlatado Natural 838,1000000000838,Despensa,2027-03-18,Cremoso,25.68,10
Cereal Avena Light 839,1000000000839,Despensa,2029-01-26,Cremoso,54.83,112
Azucar Morena Natural 840,1000000000840,Frutas,2026-02-01,LaVaquita,15.12,119
Mermelada Fresa Extra 841,1000000000841,Despensa,2026-07-25,LaMilpa,52.46,97
Cafe Molido Clasico 842,1000000000842,Bebidas,2027-12-07,Sabroso,62.08,169
Manzana Roja Clasico 843,1000000000843,Lacteos,2027-09-03,FreshCo,80.99,38
Cafe Molido Clasico 844,1000000000844,Lacteos,2027-02-25,Cremoso,44.82,121
Cafe Molido Clasico 845,1000000000845,Bebidas,2027-04-03,DelCampo,38.12,6
Pasta Espagueti Extra 846,1000000000846,Despensa,2029-12-17,DelValle,95.83,64
Jugo Natural Premium 847,1000000000847,Frutas,2026-02-14,FreshCo,68.17,104
Yogurt Fresa Extra 848,1000000000848,Despensa,2026-07-14,Cremoso,79.02,159
Arroz Blanco Clasico 849,1000000000849,Lacteos,2027-01-10,DelCampo,85.78,134
Atun Enlatado Premium 850,1000000000850,Panaderia,2027-07-18,FreshCo,34.48,183
Cereal Avena Extra 851,1000000000851,Bebidas,2029-04-01,Sabroso,13.63,108
Galletas Chocolate Extra 852,1000000000852,Bebidas,2027-10-09,Cremoso,25.53,200
Frijol Negro Natural 853,1000000000853,Lacteos,2027-03-26,CampoReal,6.8,113
Manzana Roja Natural 854,1000000000854,Granos,2026-06-07,Bimbo,16.19,161
Galletas Chocolate Light 855,1000000000855,Lacteos,2026-10-01,Bimbo,66.6,115
Arroz Blanco Extra 856,1000000000856,Lacteos,2029-11-14,Sabroso,77.11,194
Sopa Instantanea Extra 857,1000000000857,Frutas,2027-03-25,DelCampo,31.8,52
Cafe Molido Clasico 858,1000000000858,Lacteos,2026-01-22,Sabroso,42.21,185
Pasta Espagueti Extra 859,1000000000859,Bebidas,2026-05-18,CampoReal,15.88,52
Arroz Blanco Extra 860,1000000000860,Lacteos,2027-06-22,CampoReal,29.0,193
Pasta Espagueti Extra 861,1000000000861,Frutas,2028-07-09,LaVaquita,13.62,123
Mermelada Fresa Extra 862,1000000000862,Lacteos,2027-08-24,Sabroso,85.97,188
Atun Enlatado Light 863,1000000000863,Panaderia,2029-10-26,Bimbo,56.46,95
Cereal Avena Clasico 864,1000000000864,Panaderia,2026-01-30,LaVaquita,44.2,60
Cereal Avena Premium 865,1000000000865,Granos,2027-09-18,LaMilpa,26.78,154
Cafe Molido Natural 866,1000000000866,Bebidas,2029-08-15,LaVaquita,67.34,114
Aceite Vegetal Premium 867,1000000000867,Lacteos,2027-01-09,DelValle,75.35,73
Chocolate Negro Natural 868,1000000000868,Lacteos,2028-02-02,Bimbo,78.43,86
Cereal Avena Natural 869,1000000000869,Granos,2029-09-06,Cremoso,82.47,156
Pan Integral Clasico 870,1000000000870,Frutas,2026-07-07,LaVaquita,61.86,40
Pasta Espagueti Natural 871,1000000000871,Despensa,2028-06-06,DelValle,79.64,103
Yogurt Fresa Clasico 872,1000000000872,Granos,2029-08-26,CampoReal,69.53,174
Manzana Roja Extra 873,1000000000873,Granos,2026-02-09,DelCampo,61.38,170
Manzana Roja Natural 874,1000000000874,Lacteos,2028-05-20,Bimbo,66.03,46
Sal Marina Natural 875,1000000000875,Frutas,2028-03-29,FreshCo,29.16,61
Chocolate Negro Natural 876,1000000000876,Despensa,2029-02-10,Bimbo,39.13,60
Queso Crema Premium 877,1000000000877,Panaderia,2029-02-18,Sabroso,29.71,117
Galletas Chocolate Extra 878,1000000000878,Lacteos,2028-06-02,NutriPlus,58.65,172
Aceite Vegetal Extra 879,1000000000879,Bebidas,2028-05-02,CampoReal,68.09,180
Pan Integral Natural 880,1000000000880,Lacteos,2029-05-07,FreshCo,38.39,97
Mermelada Fresa Clasico 881,1000000000881,Panaderia,2028-02-22,NutriPlus,31.71,4
Arroz Blanco Natural 882,1000000000882,Despensa,2028-08-09,NutriPlus,76.92,128
Jugo Natural Clasico 883,1000000000883,Panaderia,2026-07-04,DelValle,34.93,33
Jugo Natural Premium 884,1000000000884,Bebidas,2028-07-12,DelValle,8.94,21
Harina Trigo Premium 885,1000000000885,Panaderia,2029-08-11,DelValle,45.84,106
Atun Enlatado Light 886,1000000000886,Panaderia,2027-07-27,Sabroso,56.2,173
Pasta Espagueti Extra 887,1000000000887,Granos,2026-05-07,Bimbo,10.76,65
Mermelada Fresa Extra 888,1000000000888,Granos,2029-12-06,LaVaquita,99.57,73
Arroz Blanco Extra 889,1000000000889,Granos,2026-01-15,Cremoso,4.45,146
Harina Trigo Extra 890,1000000000890,Despensa,2026-02-27,NutriPlus,74.28,159
Sal Marina Extra 891,1000000000891,Panaderia,2026-09-30,Bimbo,70.84,187
Pasta Espagueti Extra 892,1000000000892,Despensa,2028-02-06,CampoReal,52.7,118
Arroz Blanco Light 893,1000000000893,Frutas,2028-12-23,Sabroso,3.24,187
Pan Integral Extra 894,1000000000894,Bebidas,2029-10-27,Sabroso,17.92,194
Cereal Avena Premium 895,1000000000895,Lacteos,2028-11-20,LaVaquita,19.63,195
Harina Trigo Extra 896,1000000000896,Despensa,2028-04-24,NutriPlus,45.42,67
Sal Marina Premium 897,1000000000897,Panaderia,2027-09-03,NutriPlus,46.2,64
Sopa Instantanea Extra 898,1000000000898,Panaderia,2028-01-25,DelCampo,99.32,8
Azucar Morena Natural 899,1000000000899,Despensa,2027-02-04,FreshCo,44.37,183
Cereal Avena Natural 900,1000000000900,Panaderia,2029-07-20,NutriPlus,70.33,28
Aceite Vegetal Extra 901,1000000000901,Bebidas,2029-12-17,LaMilpa,49.43,97
Jugo Natural Premium 902,1000000000902,Lacteos,2027-12-24,DelCampo,72.65,124
Queso Crema Natural 903,1000000000903,Despensa,2026-02-07,Sabroso,93.48,50
Pasta Espagueti Premium 904,1000000000904,Bebidas,2028-02-05,Cremoso,84.71,179
Aceite Vegetal Clasico 905,1000000000905,Lacteos,2029-05-31,Bimbo,85.62,36
Manzana Roja Light 906,1000000000906,Despensa,2026-03-04,NutriPlus,81.13,109
Sopa Instantanea Premium 907,1000000000907,Granos,2027-12-30,CampoReal,7.71,18
Pasta Espagueti Light 908,1000000000908,Panaderia,2026-07-20,NutriPlus,39.8,44
Cafe Molido Light 909,1000000000909,Granos,2026-10-04,CampoReal,97.97,192
Cereal Avena Premium 910,1000000000910,Panaderia,2027-10-07,Sabroso,73.04,59
Sopa Instantanea Premium 911,1000000000911,Bebidas,2026-07-25,LaMilpa,55.21,182
Yogurt Fresa Extra 912,1000000000912,Despensa,2028-06-16,CampoReal,93.49,157
Atun Enlatado Light 913,1000000000913,Granos,2026-07-05,LaMilpa,56.73,115
Pan Integral Natural 914,1000000000914,Panaderia,2026-08-31,Bimbo,18.45,88
Sal Marina Light 915,1000000000915,Frutas,2028-12-26,NutriPlus,91.34,150
Manzana Roja Clasico 916,1000000000916,Lacteos,2027-08-14,DelCampo,55.97,137
Queso Crema Light 917,1000000000917,Bebidas,2026-02-04,DelValle,60.72,64
Cafe Molido Extra 918,1000000000918,Frutas,2027-08-12,DelValle,22.13,151
Queso Crema Extra 919,1000000000919,Panaderia,2028-05-10,LaMilpa,94.38,32
Manzana Roja Clasico 920,1000000000920,Despensa,2026-08-27,Bimbo,51.25,188
Cafe Molido Natural 921,1000000000921,Bebidas,2026-08-02,LaVaquita,45.43,128
Arroz Blanco Light 922,1000000000922,Panaderia,2028-06-08,Sabroso,80.78,158
Sal Marina Light 923,1000000000923,Lacteos,2029-10-27,Cremoso,45.8,3
Galletas Chocolate Extra 924,1000000000924,Panaderia,2029-12-12,NutriPlus,29.74,172
Pasta Espagueti Light 925,1000000000925,Panaderia,2028-04-23,NutriPlus,67.92,125
Leche Entera Light 926,1000000000926,Bebidas,2028-11-02,CampoReal,56.14,128
Manzana Roja Premium 927,1000000000927,Bebidas,2029-12-14,NutriPlus,76.39,62
Chocolate Negro Extra 928,1000000000928,Despensa,2028-09-10,LaVaquita,45.92,111
Queso Crema Extra 929,1000000000929,Lacteos,2026-12-10,NutriPlus,11.27,40
Manzana Roja Extra 930,1000000000930,Lacteos,2026-05-30,Sabroso,17.79,134
Sopa Instantanea Extra 931,1000000000931,Panaderia,2029-03-07,LaVaquita,65.94,121
Aceite Vegetal Natural 932,1000000000932,Despensa,2026-04-25,Bimbo,39.71,188
Frijol Negro Clasico 933,1000000000933,Bebidas,2026-12-14,DelCampo,85.72,61
Manzana Roja Natural 934,1000000000934,Lacteos,2029-04-25,Cremoso,28.99,122
Cafe Molido Clasico 935,1000000000935,Panaderia,2028-01-01,DelValle,36.39,72
Mermelada Fresa Clasico 936,1000000000936,Despensa,2026-10-07,FreshCo,55.16,184
Harina Trigo Natural 937,1000000000937,Panaderia,2026-01-26,LaVaquita,25.32,9
Frijol Negro Extra 938,1000000000938,Granos,2028-04-27,LaVaquita,95.51,57
Arroz Blanco Premium 939,1000000000939,Lacteos,2027-02-12,Bimbo,94.21,153
Harina Trigo Extra 940,1000000000940,Granos,2029-06-21,Sabroso,27.7,150
Chocolate Negro Premium 941,1000000000941,Bebidas,2028-07-22,LaVaquita,16.65,127
Mermelada Fresa Premium 942,1000000000942,Bebidas,2029-05-13,CampoReal,75.42,89
Queso Crema Light 943,1000000000943,Despensa,2027-03-23,Bimbo,80.72,26
Sopa Instantanea Clasico 944,1000000000944,Frutas,2029-03-27,LaVaquita,1.95,3
Jugo Natural Natural 945,1000000000945,Frutas,2027-02-11,DelCampo,79.24,178
Pan Integral Natural 946,1000000000946,Lacteos,2029-09-22,Bimbo,88.74,37
Arroz Blanco Natural 947,1000000000947,Lacteos,2027-12-28,CampoReal,84.33,16
Jugo Natural Light 948,1000000000948,Granos,2029-06-28,CampoReal,50.85,25
Pan Integral Extra 949,1000000000949,Lacteos,2028-11-24,Bimbo,91.18,110
Sal Marina Clasico 950,1000000000950,Frutas,2027-10-30,DelValle,25.43,7
Arroz Blanco Premium 951,1000000000951,Despensa,2026-10-02,DelCampo,31.78,24
Sal Marina Premium 952,1000000000952,Granos,2029-03-08,LaVaquita,87.53,143
Aceite Vegetal Clasico 953,1000000000953,Frutas,2026-08-17,NutriPlus,26.23,17
Cafe Molido Premium 954,1000000000954,Frutas,2026-01-14,Bimbo,95.26,132
Azucar Morena Extra 955,1000000000955,Lacteos,2028-11-27,LaMilpa,4.7,20
Chocolate Negro Extra 956,1000000000956,Panaderia,2027-12-23,FreshCo,36.87,28
Jugo Natural Light 957,1000000000957,Despensa,2026-05-20,DelValle,85.89,124
Yogurt Fresa Natural 958,1000000000958,Panaderia,2026-06-13,LaMilpa,36.84,130
Yogurt Fresa Clasico 959,1000000000959,Granos,2026-07-02,FreshCo,84.21,28
Mermelada Fresa Light 960,1000000000960,Lacteos,2026-10-21,Bimbo,24.69,87
Cereal Avena Premium 961,1000000000961,Granos,2028-03-29,LaMilpa,12.46,121
Pan Integral Natural 962,1000000000962,Despensa,2026-02-08,Sabroso,86.44,51
Cafe Molido Clasico 963,1000000000963,Bebidas,2028-10-06,CampoReal,15.33,129
Yogurt Fresa Natural 964,1000000000964,Frutas,2028-05-17,Bimbo,50.5,180
Cereal Avena Natural 965,1000000000965,Frutas,2028-06-10,LaVaquita,82.08,184
Cereal Avena Premium 966,1000000000966,Frutas,2028-12-12,DelCampo,23.04,8
Galletas Chocolate Natural 967,1000000000967,Granos,2028-05-16,NutriPlus,40.83,77
Cafe Molido Extra 968,1000000000968,Frutas,2028-04-04,FreshCo,16.22,104
Sopa Instantanea Premium 969,1000000000969,Bebidas,2029-11-12,Cremoso,4.63,52
Cafe Molido Light 970,1000000000970,Despensa,2026-07-07,Bimbo,28.64,130
Pan Integral Light 971,1000000000971,Lacteos,2029-07-05,DelCampo,7.41,39
Cereal Avena Natural 972,1000000000972,Lacteos,2026-11-30,DelCampo,60.82,66
Jugo Natural Light 973,1000000000973,Despensa,2026-11-03,FreshCo,18.99,102
Sal Marina Light 974,1000000000974,Bebidas,2029-07-18,FreshCo,91.25,146
Mermelada Fresa Natural 975,1000000000975,Granos,2027-07-14,CampoReal,47.7,31
Yogurt Fresa Premium 976,1000000000976,Granos,2028-05-01,DelValle,36.56,115
Pasta Espagueti Natural 977,1000000000977,Frutas,2029-12-26,Cremoso,94.04,148
Yogurt Fresa Natural 978,1000000000978,Despensa,2028-09-10,Bimbo,99.39,179
Arroz Blanco Clasico 979,1000000000979,Frutas,2028-05-07,Bimbo,19.42,54
Sal Marina Natural 980,1000000000980,Granos,2029-07-25,Bimbo,41.74,62
Arroz Blanco Clasico 981,1000000000981,Panaderia,2029-01-22,CampoReal,53.06,3
Queso Crema Light 982,1000000000982,Despensa,2028-04-20,Bimbo,83.07,76
Sal Marina Clasico 983,1000000000983,Lacteos,2029-11-17,FreshCo,12.51,140
Galletas Chocolate Clasico 984,1000000000984,Bebidas,2027-03-25,Cremoso,31.61,129
Cafe Molido Extra 985,1000000000985,Bebidas,2028-11-11,LaMilpa,40.19,11
Queso Crema Light 986,1000000000986,Lacteos,2028-06-12,DelCampo,60.42,145
Pasta Espagueti Light 987,1000000000987,Lacteos,2026-10-13,DelCampo,9.63,162
Atun Enlatado Premium 988,1000000000988,Despensa,2026-10-16,DelCampo,75.93,188
Pasta Espagueti Extra 989,1000000000989,Frutas,2029-11-07,Bimbo,37.52,37
Atun Enlatado Premium 990,1000000000990,Bebidas,2028-06-25,FreshCo,91.56,114
Atun Enlatado Natural 991,1000000000991,Frutas,2027-05-25,Bimbo,29.0,91
Cereal Avena Premium 992,1000000000992,Frutas,2027-03-10,LaMilpa,95.87,61
Arroz Blanco Light 993,1000000000993,Bebidas,2028-11-18,Sabroso,68.24,6
Aceite Vegetal Natural 994,1000000000994,Granos,2029-05-12,CampoReal,64.58,114
Azucar Morena Extra 995,1000000000995,Frutas,2028-09-12,LaMilpa,49.01,41
Pan Integral Natural 996,1000000000996,Panaderia,2028-10-21,CampoReal,3.38,23
Manzana Roja Extra 997,1000000000997,Frutas,2028-10-17,FreshCo,71.33,192
Sal Marina Extra 998,1000000000998,Lacteos,2028-07-14,FreshCo,27.54,2
Chocolate Negro Premium 999,1000000000999,Bebidas,2027-03-17,LaMilpa,23.51,71
